{
"meta":{"test_sets":[],"test_metrics":[],"learn_metrics":[{"best_value":"Min","name":"Logloss"}],"launch_mode":"Train","parameters":"","iteration_count":1000,"learn_sets":["learn"],"name":"experiment"},
"iterations":[
{"learn":[0.6912296918],"iteration":0,"passed_time":0.002513428696,"remaining_time":2.510915267},
{"learn":[0.6897011757],"iteration":1,"passed_time":0.004361198784,"remaining_time":2.176238193},
{"learn":[0.6886760652],"iteration":2,"passed_time":0.005727708871,"remaining_time":1.903508582},
{"learn":[0.6872493936],"iteration":3,"passed_time":0.006979602365,"remaining_time":1.737920989},
{"learn":[0.6854289545],"iteration":4,"passed_time":0.008216198151,"remaining_time":1.635023432},
{"learn":[0.6841759761],"iteration":5,"passed_time":0.009486416702,"remaining_time":1.571583034},
{"learn":[0.6824207412],"iteration":6,"passed_time":0.01195991148,"remaining_time":1.696598871},
{"learn":[0.6810210857],"iteration":7,"passed_time":0.01380013289,"remaining_time":1.711216478},
{"learn":[0.6796231588],"iteration":8,"passed_time":0.01568765925,"remaining_time":1.727385591},
{"learn":[0.6784961926],"iteration":9,"passed_time":0.01692756956,"remaining_time":1.675829387},
{"learn":[0.6779269238],"iteration":10,"passed_time":0.0182298214,"remaining_time":1.63902667},
{"learn":[0.6773613301],"iteration":11,"passed_time":0.01939831147,"remaining_time":1.597127645},
{"learn":[0.6759300841],"iteration":12,"passed_time":0.02065419669,"remaining_time":1.568130164},
{"learn":[0.6752367695],"iteration":13,"passed_time":0.02171256878,"remaining_time":1.529185201},
{"learn":[0.6735533714],"iteration":14,"passed_time":0.02387368073,"remaining_time":1.567705035},
{"learn":[0.6721940769],"iteration":15,"passed_time":0.0256011455,"remaining_time":1.574470448},
{"learn":[0.6712220636],"iteration":16,"passed_time":0.0275321968,"remaining_time":1.592008791},
{"learn":[0.6702656507],"iteration":17,"passed_time":0.02928955841,"remaining_time":1.597908131},
{"learn":[0.6688192891],"iteration":18,"passed_time":0.03117791691,"remaining_time":1.609765078},
{"learn":[0.6680305547],"iteration":19,"passed_time":0.03278864467,"remaining_time":1.606643589},
{"learn":[0.6666969081],"iteration":20,"passed_time":0.0342143741,"remaining_time":1.595041536},
{"learn":[0.6657311274],"iteration":21,"passed_time":0.03544060089,"remaining_time":1.575495803},
{"learn":[0.6643497911],"iteration":22,"passed_time":0.03665243692,"remaining_time":1.556931777},
{"learn":[0.6633595069],"iteration":23,"passed_time":0.03770836469,"remaining_time":1.533473497},
{"learn":[0.6625589642],"iteration":24,"passed_time":0.04372488339,"remaining_time":1.705270452},
{"learn":[0.6609255261],"iteration":25,"passed_time":0.04516475382,"remaining_time":1.691941162},
{"learn":[0.6597483059],"iteration":26,"passed_time":0.04692479484,"remaining_time":1.691030569},
{"learn":[0.6589504116],"iteration":27,"passed_time":0.04857271233,"remaining_time":1.686167014},
{"learn":[0.6579299814],"iteration":28,"passed_time":0.05163861758,"remaining_time":1.729003368},
{"learn":[0.6563060866],"iteration":29,"passed_time":0.05612796755,"remaining_time":1.814804284},
{"learn":[0.6548383792],"iteration":30,"passed_time":0.05853753132,"remaining_time":1.829769931},
{"learn":[0.6540063719],"iteration":31,"passed_time":0.05980873428,"remaining_time":1.809214212},
{"learn":[0.6530194938],"iteration":32,"passed_time":0.06248393892,"remaining_time":1.830968756},
{"learn":[0.6514081419],"iteration":33,"passed_time":0.06508631685,"remaining_time":1.84921712},
{"learn":[0.649976386],"iteration":34,"passed_time":0.06743304889,"remaining_time":1.859225491},
{"learn":[0.6486252778],"iteration":35,"passed_time":0.06920729635,"remaining_time":1.853217602},
{"learn":[0.6473258621],"iteration":36,"passed_time":0.07303346009,"remaining_time":1.90084384},
{"learn":[0.6461406701],"iteration":37,"passed_time":0.07445056293,"remaining_time":1.884774777},
{"learn":[0.6448373066],"iteration":38,"passed_time":0.07774442979,"remaining_time":1.915702488},
{"learn":[0.6436805367],"iteration":39,"passed_time":0.07944505645,"remaining_time":1.906681355},
{"learn":[0.6426372654],"iteration":40,"passed_time":0.08079857892,"remaining_time":1.889898468},
{"learn":[0.6421880556],"iteration":41,"passed_time":0.08189772441,"remaining_time":1.868048095},
{"learn":[0.64060389],"iteration":42,"passed_time":0.09093668821,"remaining_time":2.023870014},
{"learn":[0.6395848817],"iteration":43,"passed_time":0.09315509342,"remaining_time":2.024006121},
{"learn":[0.638380905],"iteration":44,"passed_time":0.09441458768,"remaining_time":2.003687361},
{"learn":[0.6378935377],"iteration":45,"passed_time":0.09564645779,"remaining_time":1.983624364},
{"learn":[0.6365299529],"iteration":46,"passed_time":0.09705672488,"remaining_time":1.967979975},
{"learn":[0.6354785615],"iteration":47,"passed_time":0.09985869393,"remaining_time":1.980530763},
{"learn":[0.6341473831],"iteration":48,"passed_time":0.101249879,"remaining_time":1.965074182},
{"learn":[0.6328964419],"iteration":49,"passed_time":0.1072788877,"remaining_time":2.038298867},
{"learn":[0.6322215451],"iteration":50,"passed_time":0.1092620972,"remaining_time":2.033131966},
{"learn":[0.6310666329],"iteration":51,"passed_time":0.1124446386,"remaining_time":2.049952258},
{"learn":[0.6298973759],"iteration":52,"passed_time":0.1138349528,"remaining_time":2.033994345},
{"learn":[0.6284128891],"iteration":53,"passed_time":0.11547741,"remaining_time":2.022993145},
{"learn":[0.6276377327],"iteration":54,"passed_time":0.1167368528,"remaining_time":2.00575138},
{"learn":[0.62705881],"iteration":55,"passed_time":0.1202374508,"remaining_time":2.026859884},
{"learn":[0.625844162],"iteration":56,"passed_time":0.1227587106,"remaining_time":2.030902879},
{"learn":[0.6254463712],"iteration":57,"passed_time":0.124178356,"remaining_time":2.016827781},
{"learn":[0.6242438946],"iteration":58,"passed_time":0.125741147,"remaining_time":2.005464734},
{"learn":[0.6236306681],"iteration":59,"passed_time":0.127007661,"remaining_time":1.989786689},
{"learn":[0.6226535373],"iteration":60,"passed_time":0.1282445406,"remaining_time":1.974124978},
{"learn":[0.6213671664],"iteration":61,"passed_time":0.1295632088,"remaining_time":1.960165966},
{"learn":[0.6201008512],"iteration":62,"passed_time":0.130836806,"remaining_time":1.945937892},
{"learn":[0.6190241602],"iteration":63,"passed_time":0.1320146987,"remaining_time":1.930714968},
{"learn":[0.6178941819],"iteration":64,"passed_time":0.1378406813,"remaining_time":1.982785184},
{"learn":[0.6170349737],"iteration":65,"passed_time":0.1394738434,"remaining_time":1.973766208},
{"learn":[0.6154547201],"iteration":66,"passed_time":0.1422369774,"remaining_time":1.980702984},
{"learn":[0.6141427822],"iteration":67,"passed_time":0.1453980496,"remaining_time":1.992808562},
{"learn":[0.6127810266],"iteration":68,"passed_time":0.1470205441,"remaining_time":1.983711979},
{"learn":[0.6119636244],"iteration":69,"passed_time":0.148231531,"remaining_time":1.969361769},
{"learn":[0.6111676693],"iteration":70,"passed_time":0.1543098319,"remaining_time":2.019068082},
{"learn":[0.6108089149],"iteration":71,"passed_time":0.1555609821,"remaining_time":2.005008213},
{"learn":[0.6094931278],"iteration":72,"passed_time":0.1569211997,"remaining_time":1.992684275},
{"learn":[0.6085640291],"iteration":73,"passed_time":0.1582660575,"remaining_time":1.980464449},
{"learn":[0.6079376539],"iteration":74,"passed_time":0.1609654022,"remaining_time":1.98523996},
{"learn":[0.6068512698],"iteration":75,"passed_time":0.1622908557,"remaining_time":1.97311514},
{"learn":[0.6056010743],"iteration":76,"passed_time":0.1720942246,"remaining_time":2.062895705},
{"learn":[0.6044141584],"iteration":77,"passed_time":0.1738021902,"remaining_time":2.054431018},
{"learn":[0.6033001443],"iteration":78,"passed_time":0.1752786874,"remaining_time":2.043438875},
{"learn":[0.602258467],"iteration":79,"passed_time":0.1765505041,"remaining_time":2.030330797},
{"learn":[0.6014027297],"iteration":80,"passed_time":0.177796011,"remaining_time":2.01721647},
{"learn":[0.6009409428],"iteration":81,"passed_time":0.1790644437,"remaining_time":2.004648285},
{"learn":[0.5997598343],"iteration":82,"passed_time":0.1803934582,"remaining_time":1.993021701},
{"learn":[0.5992098106],"iteration":83,"passed_time":0.1893579256,"remaining_time":2.064903094},
{"learn":[0.5988158941],"iteration":84,"passed_time":0.1913180022,"remaining_time":2.059482024},
{"learn":[0.5975236032],"iteration":85,"passed_time":0.1931570743,"remaining_time":2.052855417},
{"learn":[0.5969655759],"iteration":86,"passed_time":0.1949574733,"remaining_time":2.045933025},
{"learn":[0.5961111281],"iteration":87,"passed_time":0.1962955585,"remaining_time":2.034335788},
{"learn":[0.5950470659],"iteration":88,"passed_time":0.2003816957,"remaining_time":2.051098032},
{"learn":[0.5943042815],"iteration":89,"passed_time":0.2018965995,"remaining_time":2.04139895},
{"learn":[0.5933394783],"iteration":90,"passed_time":0.2032925289,"remaining_time":2.030691305},
{"learn":[0.592773164],"iteration":91,"passed_time":0.2044871365,"remaining_time":2.018199129},
{"learn":[0.5921040614],"iteration":92,"passed_time":0.206359672,"remaining_time":2.012561532},
{"learn":[0.5913340211],"iteration":93,"passed_time":0.2077599104,"remaining_time":2.002451902},
{"learn":[0.590522478],"iteration":94,"passed_time":0.209173684,"remaining_time":1.992654569},
{"learn":[0.5892196086],"iteration":95,"passed_time":0.2105574319,"remaining_time":1.98274915},
{"learn":[0.5887849907],"iteration":96,"passed_time":0.2118164363,"remaining_time":1.971858165},
{"learn":[0.5881843812],"iteration":97,"passed_time":0.2142365397,"remaining_time":1.9718506},
{"learn":[0.5869912465],"iteration":98,"passed_time":0.2158405823,"remaining_time":1.96436732},
{"learn":[0.5862206274],"iteration":99,"passed_time":0.2173872495,"remaining_time":1.956485245},
{"learn":[0.5852155189],"iteration":100,"passed_time":0.2187308157,"remaining_time":1.946920825},
{"learn":[0.5838537772],"iteration":101,"passed_time":0.2200254113,"remaining_time":1.937086464},
{"learn":[0.5833611167],"iteration":102,"passed_time":0.2220067809,"remaining_time":1.933398859},
{"learn":[0.5825966868],"iteration":103,"passed_time":0.2233930045,"remaining_time":1.924616654},
{"learn":[0.5823314408],"iteration":104,"passed_time":0.2245212347,"remaining_time":1.913776239},
{"learn":[0.5813470205],"iteration":105,"passed_time":0.2257942015,"remaining_time":1.904339775},
{"learn":[0.5803923769],"iteration":106,"passed_time":0.2321571923,"remaining_time":1.937536193},
{"learn":[0.5794223679],"iteration":107,"passed_time":0.2334775895,"remaining_time":1.928351943},
{"learn":[0.5786359168],"iteration":108,"passed_time":0.2347897335,"remaining_time":1.919244519},
{"learn":[0.5782207714],"iteration":109,"passed_time":0.2359996915,"remaining_time":1.90945205},
{"learn":[0.5774941762],"iteration":110,"passed_time":0.2373375443,"remaining_time":1.900838531},
{"learn":[0.5760723809],"iteration":111,"passed_time":0.2387123684,"remaining_time":1.892648064},
{"learn":[0.5750631273],"iteration":112,"passed_time":0.24036638,"remaining_time":1.886769726},
{"learn":[0.5743629558],"iteration":113,"passed_time":0.2416429959,"remaining_time":1.878032407},
{"learn":[0.5737328562],"iteration":114,"passed_time":0.242987079,"remaining_time":1.869944043},
{"learn":[0.5730820073],"iteration":115,"passed_time":0.2442297335,"remaining_time":1.861199004},
{"learn":[0.572377995],"iteration":116,"passed_time":0.2475427245,"remaining_time":1.868207057},
{"learn":[0.5710130788],"iteration":117,"passed_time":0.2493662604,"remaining_time":1.863907133},
{"learn":[0.5705573854],"iteration":118,"passed_time":0.2511896761,"remaining_time":1.859647938},
{"learn":[0.5700261669],"iteration":119,"passed_time":0.2525605773,"remaining_time":1.8521109},
{"learn":[0.5693174346],"iteration":120,"passed_time":0.2539501855,"remaining_time":1.844811678},
{"learn":[0.5689398358],"iteration":121,"passed_time":0.2551363569,"remaining_time":1.836145257},
{"learn":[0.5687634981],"iteration":122,"passed_time":0.2560770803,"remaining_time":1.825850402},
{"learn":[0.5679701202],"iteration":123,"passed_time":0.2585382133,"remaining_time":1.826447378},
{"learn":[0.5667968631],"iteration":124,"passed_time":0.261123694,"remaining_time":1.827865858},
{"learn":[0.5659401539],"iteration":125,"passed_time":0.2627149099,"remaining_time":1.822324058},
{"learn":[0.565305729],"iteration":126,"passed_time":0.2644625303,"remaining_time":1.817919598},
{"learn":[0.5645759513],"iteration":127,"passed_time":0.2666802831,"remaining_time":1.816759428},
{"learn":[0.5636039919],"iteration":128,"passed_time":0.2694486136,"remaining_time":1.819300329},
{"learn":[0.5624731865],"iteration":129,"passed_time":0.2709009621,"remaining_time":1.,
{"learn":[0.5550201327],"iteration":130,"passed_time":0.3882705705,"remaining_time":2.575626914},
{"learn":[0.5546532134],"iteration":131,"passed_time":0.3929762162,"remaining_time":2.584116331},
{"learn",
{"learn":[0.55989136],"iteration":132,"passed_time":0.3140484917,"remaining_time":2.047218363},
{"learn":[0.5588129848],"iteration":133,"passed_time":0.3159303433,"remaining_time":2.041758786},
{"learn":[0.5582574983],"iteration":134,"passed_time":0.3182109398,"remaining_time":2.038907133},
{"learn":[0.557445841],"iteration":135,"passed_time":0.3196985539,"remaining_time":2.031026107},
{"learn":[0.5563026177],"iteration":136,"passed_time":0.3228737804,"remaining_time":2.033869142},
{"learn":[0.5552319752],"iteration":137,"passed_time":0.3239531089,"remaining_time":2.023533187},
{"learn":[0.5541745792],"iteration":138,"passed_time":0.3250146913,"remaining_time":2.013220498},
{"learn":[0.5537758039],"iteration":139,"passed_time":0.3265710109,"remaining_time":2.006079067},
{"learn":[0.5533202575],"iteration":140,"passed_time":0.329286412,"remaining_time":2.006078212},
{"learn":[0.5527157098],"iteration":141,"passed_time":0.3310108567,"remaining_time":2.000051515},
{"learn":[0.5522095929],"iteration":142,"passed_time":0.3327479104,"remaining_time":1.994160554},
{"learn":[0.5510629763],"iteration":143,"passed_time":0.3363222911,"remaining_time":1.999249175},
{"learn":[0.5502248065],"iteration":144,"passed_time":0.3390944832,"remaining_time":1.99948816},
{"learn":[0.5495020641],"iteration":145,"passed_time":0.3423892009,"remaining_time":2.002742312},
{"learn":[0.5492914336],"iteration":146,"passed_time":0.3442288406,"remaining_tim,
{"learn":[0.5439876086],"iteration":147,"passed_time":0.4687087198,"remaining_time":2.69824209},
{"learn":[0.5437277635],"iteration":148,"passed_time":0.4752150916,"remaining_time":2.714147939},
{"learn":[0.5429718461],"iteration":149,"passed_time":0.4771648921,"remaining_time":2.703934389},
{"learn":[0.5,
{"learn":[0.5467722823],"iteration":150,"passed_time":0.3835468979,"remaining_time":2.156498784},
{"learn":[0.545953848],"iteration":151,"passed_time":0.3850355726,"remaining_time":2.148093194},
{"learn":[0.5450920459],"iteration":152,"passed_time":0.3865549923,"remaining_time":2.139948225},
{"learn":[0.5438338035],"iteration":153,"passed_time":0.3879863624,"remaining_time":2.131405601},
{"learn":[0.5430186845],"iteration":154,"passed_time":0.389609847,"remaining_time":2.124002069},
{"learn":[0.5425250047],"iteration":155,"passed_time":0.3974007214,"remaining_time":2.1500398},
{"learn":[0.5417952478],"iteration":156,"passed_time":0.3992918581,"remaining_time":2.143968385},
{"learn":[0.5408239586],"iteration":157,"passed_time":0.4022030185,"remaining_time":2.143385706},
{"learn":[0.5402173976],"iteration":158,"passed_time":0.4040325336,"remaining_time":2.137052584},
{"learn":[0.5393866267],"iteration":159,"passed_time":0.4051549202,"remaining_time":2.127063331},
{"learn":[0.5391778519],"iteration":160,"passed_time":0.4096794297,"remaining_time":2.134913301},
{"learn":[0.5383799732],"iteration":161,"passed_time":0.4116228345,"remaining_time":2.12925886},
{"learn":[0.5376568278],"iteration":162,"passed_time":0.4148074703,"remaining_time":2.130023636},
{"learn":[0.5371777995],"iteration":163,"passed_time":0.4175386649,"remaining_time":2.128428804},
{"learn":[0.536274054],"iteration":164,"passed_time":0.4186694723,"remaining_time":2.118721269},
{"learn":[0.5354172717],"iteration":165,"passed_time":0.4198403927,"remaining_time":2.109318599},
{"learn":[0.5341387494],"iteration":166,"passed_time":0.4217770793,"remaining_time":2.103834174},
{"learn":[0.5337169982],"iteration":167,"passed_time":0.4232847258,"remaining_time,
{"learn":[0.5289359278],"iteration":168,"passed_time":0.579347895,"remaining_time":2.848746158},
{"learn":[0.5282362673],"iteration":169,"passed_time":0.5805309637,"remaining_time":2.834357058},
{"learn":[0.5,
{"learn":[0.531002599],"iteration":170,"passed_time":0.4635308666,"remaining_time,
{"learn":[0.,
{"learn":[0.5304537859],"iteration":171,"passed_time":0.4718829115,"remaining_time":2.271622388},
{"learn":[0.5297634439],"iteration":172,"passed_time":0.4825018754,"remaining_time":2.306526306},
{"learn":[0.5290009916],"iteration":173,"passed_time":0.4896132998,"remaining_time":2.324256239},
{"learn":[0.527756441],"iteration":174,"passed_time":0.4912380257,"remaining_time":2.315836407},
{"learn":[0.5271798958],"iteration":175,"passed_time":0.493735776,"remaining_time":2.311581133},
{"learn":[0.5264926016],"iteration":176,"passed_time":0.4948601207,"remaining_time":2.30095977},
{"learn":[0.5253613217],"iteration":177,"passed_time":0.4969769657,"remaining_time":2.29502846},
{"learn":[0.5242214349],"iteration":178,"passed_time":0.5052699182,"remaining_time":2.317467055},
{"learn":[0.5235688915],"iteration":179,"passed_time":0.5240173115,"remaining_time":2.387189974},
{"learn":[0.5228915602],"iteration":180,"passed_time":0.5382586789,"remaining_time":2.435546177},
{"learn":[0.5222330666],"iteration":181,"passed_time":0.5396317593,"remaining_time":2.425377907},
{"learn":[0.5211949123],"iteration":182,"passed_time":0.5412297495,"remaining_time":2.416309865},
{"learn":[0.5209293233],"iteration":183,"passed_time":0.542733587,"remaining_time":2.406905473},
{"learn":[0.5204347004],"iteration":184,"passed_time":0.5442243888,"remaining_time":2.397529064},
{"learn":[0.5201808883],"iteration":185,"passed_time":0.5701424942,"remaining_time":2.495139733},
{"learn":[0.5198592289],"iteration":186,"passed_time":0.5872073391,"remaining_,
{"learn":[0.5175,
{"learn":[0.5189860281],"iteration":187,"passed_time":0.671175182,"remaining_time":2.898905573},
{"learn":[0.5182218575],"iteration":188,"passed_time":0.7101646304,"remaining_time":3.047320187},
{"learn":[0.5175554954],"iteration":189,"passed_time":0.7224841091,"remaining_time":3.080063834},
{"learn":[0.5167341216],"iteration":190,"passed_time":0.7366770106,"remaining_time":3.120270689},
{"learn":[0.5159413705],"iteration":191,"passed_time":0.7381175141,"remaining_time":3.106244539},
{"learn":[0.515265135],"iteration":192,"passed_time":0.7393578592,"remaining_time":3.091511878},
{"learn":[0.5147640053],"iteration":193,"passed_time":0.7533182834,"remaining_time":3.129765652},
{"learn":[0.5141607553],"iteration":194,"passed_time":0.7627341384,"remaining_time":3.148722982},
{"learn":[0.5138651619],"iteration":195,"passed_time":0.7643903149,"remaining_time":3.135560271},
{"learn":[0.5136645999],"iteration":196,"passed_time":0.7676997886,"remaining_time":3.129253453},
{"learn":[0.5128397471],"iteration":197,"passed_time":0.7694830059,"remaining_time":3.116794802},
{"learn":[0.5121840182],"iteration":198,"passed_time":0.7717985479,"remaining_time":3.106586115},
{"learn":[0.5112376879],"iteration":199,"passed_time":0.779179154,"remaining_,
{"learn":[0.5093328721],"iteration":200,"passed_time":0.9110636736,"remaining_time":3.621591419},
{"learn":[0.508531591],"iteration":201,"passed_time":0.9123998185,"remaining_time":3.604430966},
{"learn":[0.5077615864],"iteration":202,"passed_time":0.9148749795,"remaining_time":3.591898318},
{"learn":[0.507096082],"iteration":203,"passed_time":0.9171860814,"remaining_time":3.578824122},
{"learn":[0.50655,
{"learn":[0.5088616815],"iteration":204,"passed_time":0.8647865032,"remaining_time":3.353684244},
{"learn":[0.5076524407],"iteration":205,"passed_time":0.8671651723,"remaining_time":3.342374499},
{"learn":[0.5071574486],"iteration":206,"passed_time":0.8695104799,"remaining_time":3.331023239},
{"learn":[0.5063841512],"iteration":207,"passed_time":0.8747440166,"remaining_time":3.330756063},
{"learn":[0.5053721623],"iteration":208,"passed_time":0.8786639835,"remaining_time":3.325469909},
{"learn":[0.5051006731],"iteration":209,"passed_time":0.8801025589,"remainin,
{"learn":[0.5036889421],"iteration":210,"passed_time":0.9416875551,"remaining_time":3.52128664},
{"learn":[0.503247965],"iteration":211,"passed_time":0.9430898742,"remaining_time":3.505447268},
{"learn":[0.5026007725],"iteration":212,"passed_time":0.9483498354,"remaining_time":3.50399681},
{"learn":[0.5022081236],"iteration":213,"passed_time":0.9497634937,"remaining_time":3.488383673},
{"learn":[0.5019142283],"iteration":214,"passed_time":0.9510370074,"remaining_time":3.472390934},
{"learn":[0.5011580202],"iteration":215,"passed_time":0.9524615851,"remaining_time":3.457082791},
{"learn":[0.5010481152],"iteration":216,"passed_time":0.9538888913,"remaining_time":3.441912451},
{"learn":[0.5000752588],"iteration":217,"passed_time":0.9553449616,"remaining_time":3.426971376},
{"learn":[0.4993489577],"iteration":218,"passed_time":0.9568282815,"remaining_time":3.41225063},
{"learn":[0.498638624],"iteration":219,"passed_time":0.9582155828,"remaining_time":3.397309793},
{"learn":[0.4977577037],"iteration":220,"passed_time":0.9641149256,"remaining_time":3.39839605},
{"learn":[0.4973930054],"iteration":221,"passed_time":0.9659491644,"remaining_time":3.385173198},
{"learn":[0.4966756894],"iteration":222,"passed_time":0.9680733817,"remaining_time":3.373062859},
{"learn":[0.4960674167],"iteration":223,"passed_time":0.9715633169,"remaining_time":3.365772919},
{"learn":[0.4958944533],"iteration":224,"passed_time":0.9726424235,"remaining_time":3.350212792},
{"learn":[0.495666694],"iteration":225,"passed_time":0.9741755257,"remaining_time":3.33633565},
{"learn":[0.4953593347],"iteration":226,"passed_time":0.9792361406,"remaining_time":3.334579457},
{"learn":[0.4947158012],"iteration":227,"passed_time":0.9806311525,"remaining_time":3.320382674},
{"learn":[0.4943321665],"iteration":228,"passed_time":0.9842276463,"remaining_time":3.313709674},
{"learn":[0.4935355571],"iteration":229,"passed_time":0.9856448605,"remaining_time":3.299767577},
{"learn":[0.4927494943],"iteration":230,"passed_time":0.9870429014,"remaining_time":3.285870092},
{"learn":[0.4921596587],"iteration":231,"passed_time":0.988686893,"remaining_time":3.272894542},
{"learn":[0.4912361774],"iteration":232,"passed_time":0.9900909015,"remaining_time":3.259226272},
{"learn":[0.4906158666],"iteration":233,"passed_time":0.9925931467,"remaining_time":3.249257908},
{"learn":[0.4899901794],"iteration":234,"passed_time":0.9940927528,"remaining_time":3.236089174},
{"learn":[0.4898285422],"iteration":235,"passed_time":0.9952148092,"remaining_time":3.221797094},
{"learn":[0.4891989271],"iteration":236,"passed_time":0.9967096189,"remaining_time":3.208816199},
{"learn":[0.4882339961],"iteration":237,"passed_time":0.9983202134,"remaining_time":3.196302532},
{"learn":[0.4877324661],"iteration":238,"passed_time":0.9999616739,"remaining_time":3.183978384},
{"learn":[0.4875291109],"iteration":239,"passed_time":1.001154704,"remaining_time":3.17032323},
{"learn":[0.4869316101],"iteration":240,"passed_time":1.002487904,"remaining_time":3.157212944},
{"learn":[0.4862529582],"iteration":241,"passed_time":1.003813682,"remaining_time":3.144176739},
{"learn":[0.4861065732],"iteration":242,"passed_time":1.005111095,"remaining_time":3.131148555},
{"learn":[0.4851455185],"iteration":243,"passed_time":1.044616648,"remaining_time":3.236599124},
{"learn":[0.4845301999],"iteration":244,"passed_time":1.046664393,"remaining_time":3.225435172},
{"learn":[0.4835565322],"iteration":245,"passed_time":1.048267728,"remaining_time":3.212983198},
{"learn":[0.4831155154],"iteration":246,"passed_time":1.05546703,"remaining_time":3.217678841},
{"learn":[0.4824418492],"iteration":247,"passed_time":1.058416634,"remaining_time":3.209392375},
{"learn":[0.4820428371],"iteration":248,"passed_time":1.179686048,"remaining_time":3.558008923},
{"learn":[0.4812372234],"iteration":249,"passed_time":1.181210385,"remaining_time":3.543631155},
{"learn":[0.480866456],"iteration":250,"passed_time":1.184805372,"remaining_time":3.535534755},
{"learn":[0.4804023968],"iteration":251,"passed_time":1.186950665,"remaining_time":3.523171021},
{"learn":[0.4797945586],"iteration":252,"passed_time":1.188588131,"remaining_time":3.509388672},
{"learn":[0.4792274243],"iteration":253,"passed_time":1.191837853,"remaining_time":3.500437158},
{"learn":[0.4784746899],"iteration":254,"passed_time":1.193482324,"remaining_time":3.486840514},
{"learn":[0.4777984242],"iteration":255,"passed_time":1.194971158,"remaining_time":3.472884929},
{"learn":[0.4776889662],"iteration":256,"passed_time":1.196418097,"remaining_time":3.458905237},
{"learn":[0.4772306383],"iteration":257,"passed_time":1.197991887,"remaining_time":3.44538752},
{"learn":[0.4765417582],"iteration":258,"passed_time":1.199655439,"remaining_time":3.432218843},
{"learn":[0.4760250608],"iteration":259,"passed_time":1.206367983,"remaining_time":3.433508876},
{"learn":[0.4753285746],"iteration":260,"passed_time":1.207988072,"remaining_time":3.420318718},
{"learn":[0.4745471954],"iteration":261,"passed_time":1.210688196,"remaining_time":3.410259118},
{"learn":[0.4739942458],"iteration":262,"passed_time":1.21367895,"remaining_time":3.40106991},
{"learn":[0.4732235432],"iteration":263,"passed_time":1.21667069,"remaining_time":3.391930407},
{"learn":[0.4727071616],"iteration":264,"passed_time":1.219987822,"remaining_time":3.383739809},
{"learn":[0.4726288001],"iteration":265,"passed_time":1.22105896,"remaining_time":3.369388259},
{"learn":[0.4718873388],"iteration":266,"passed_time":1.222443804,"remaining_time":3.35599741},
{"learn":[0.4710712281],"iteration":267,"passed_time":1.223995174,"remaining_time":3.343150998},
{"learn":[0.4709946341],"iteration":268,"passed_time":1.225566548,"remaining_time":3.330442925},
{"learn":[0.4709169143],"iteration":269,"passed_time":1.226750678,"remaining_time":3.316770353},
{"learn":[0.470264813],"iteration":270,"passed_time":1.236430867,"remaining_time":3.326044658},
{"learn":[0.469795882],"iteration":271,"passed_time":1.238314459,"remaining_time":3.314312228},
{"learn":[0.4694559448],"iteration":272,"passed_time":1.249878363,"remaining_time":3.328430658},
{"learn":[0.4687548359],"iteration":273,"passed_time":1.254353931,"remaining_time":3.323580123},
{"learn":[0.4678758509],"iteration":274,"passed_time":1.258725578,"remaining_time":3.318458342},
{"learn":[0.4670034521],"iteration":275,"passed_time":1.272734497,"remaining_time":3.338622377},
{"learn":[0.4664223532],"iteration":276,"passed_time":1.277399103,"remaining_time":3.334150004},
{"learn":[0.4662844472],"iteration":277,"passed_time":1.280071099,"remaining_time":3.3245012},
{"learn":[0.4657039444],"iteration":278,"passed_time":1.281464943,"remaining_time":3.31159937},
{"learn":[0.4653334339],"iteration":279,"passed_time":1.282921295,"remaining_time":3.298940472},
{"learn":[0.4652518537],"iteration":280,"passed_time":1.284056113,"remaining_time":3.285538596},
{"learn":[0.4645798359],"iteration":281,"passed_time":1.285746445,"remaining_time":3.27363811},
{"learn":[0.4641065518],"iteration":282,"passed_time":1.289056967,"remaining_time":3.265914647},
{"learn":[0.463501621],"iteration":283,"passed_time":1.290500224,"remaining_time":3.253514649},
{"learn":[0.46301882],"iteration":284,"passed_time":1.293324854,"remaining_time":3.244657089},
{"learn":[0.4625577225],"iteration":285,"passed_time":1.300392228,"remaining_time":3.246433743},
{"learn":[0.461956952],"iteration":286,"passed_time":1.302235488,"remaining_time":3.235170393},
{"learn":[0.4615563373],"iteration":287,"passed_time":1.303826409,"remaining_time":3.223348623},
{"learn":[0.460785891],"iteration":288,"passed_time":1.30566562,"remaining_time":3.212208497},
{"learn":[0.4604650921],"iteration":289,"passed_time":1.308338422,"remaining_time":3.203173379},
{"learn":[0.4600553168],"iteration":290,"passed_time":1.313800866,"remaining_time":3.200978741},
{"learn":[0.4594454752],"iteration":291,"passed_time":1.316000196,"remaining_time":3.190849791},
{"learn":[0.4584216257],"iteration":292,"passed_time":1.31840885,"remaining_time":3.181280059},
{"learn":[0.4578514967],"iteration":293,"passed_time":1.370215001,"remaining_time":3.29038024},
{"learn":[0.4568469736],"iteration":294,"passed_time":1.373406064,"remaining_time":3.282207713},
{"learn":[0.4563481775],"iteration":295,"passed_time":1.381526949,"remaining_time":3.285793824},
{"learn":[0.4559381187],"iteration":296,"passed_time":1.383762535,"remaining_time":3.275370579},
{"learn":[0.4553464678],"iteration":297,"passed_time":1.385499919,"remaining_time":3.263828669},
{"learn":[0.4549143149],"iteration":298,"passed_time":1.387067812,"remaining_time":3.25195497},
{"learn":[0.4545276523],"iteration":299,"passed_time":1.388438689,"remaining_time":3.239690274},
{"learn":[0.4541881873],"iteration":300,"passed_time":1.39008042,"remaining_time":3.228126956},
{"learn":[0.4536714633],"iteration":301,"passed_time":1.391710697,"remaining_time":3.216602869},
{"learn":[0.4530796409],"iteration":302,"passed_time":1.400271036,"remaining_time":3.221085519},
{"learn":[0.4523050812],"iteration":303,"passed_time":1.401820698,"remaining_time":3.209431598},
{"learn":[0.4515685499],"iteration":304,"passed_time":1.40331744,"remaining_time":3.197723347},
{"learn":[0.4509069151],"iteration":305,"passed_time":1.404949835,"remaining_time":3.186389494},
{"learn":[0.4505247381],"iteration":306,"passed_time":1.406751123,"remaining_time":3.175500092},
{"learn":[0.4503471666],"iteration":307,"passed_time":1.414080966,"remaining_time":3.177091001},
{"learn":[0.4498416656],"iteration":308,"passed_time":1.41661544,"remaining_time":3.167900547},
{"learn":[0.4493925254],"iteration":309,"passed_time":1.418308703,"remaining_time":3.156880661},
{"learn":[0.4487243421],"iteration":310,"passed_time":1.419835388,"remaining_time":3.145551711},
{"learn":[0.4482712189],"iteration":311,"passed_time":1.421205571,"remaining_time":3.13394049},
{"learn":[0.4476696511],"iteration":312,"passed_time":1.422593146,"remaining_time":3.12243288},
{"learn":[0.4470009161],"iteration":313,"passed_time":1.428622015,"remaining_time":3.121129625},
{"learn":[0.4465571019],"iteration":314,"passed_time":1.434426355,"remaining_time":3.119308104},
{"learn":[0.4460915592],"iteration":315,"passed_time":1.437325053,"remaining_time":3.11117195},
{"learn":[0.4457006183],"iteration":316,"passed_time":1.444202,"remaining_time":3.111640271},
{"learn":[0.4453276204],"iteration":317,"passed_time":1.447578969,"remaining_time":3.104556155},
{"learn":[0.4444063723],"iteration":318,"passed_time":1.451352992,"remaining_time":3.098342909},
{"learn":[0.4436277694],"iteration":319,"passed_time":1.463005763,"remaining_time":3.108887247},
{"learn":[0.4432275911],"iteration":320,"passed_time":1.465309834,"remaining_time":3.09951831},
{"learn":[0.442504353],"iteration":321,"passed_time":1.560678769,"remaining_time":3.286149705},
{"learn":[0.4420438932],"iteration":322,"passed_time":1.564341277,"remaining_time":3.278820572},
{"learn":[0.4417189101],"iteration":323,"passed_time":1.567430348,"remaining_time":3.270317641},
{"learn":[0.4415664315],"iteration":324,"passed_time":1.572315151,"remaining_time":3.265577621},
{"learn":[0.4411726819],"iteration":325,"passed_time":1.574766795,"remaining_time":3.255806197},
{"learn":[0.4408152746],"iteration":326,"passed_time":1.576270571,"remaining_time":3.244128728},
{"learn":[0.4405311002],"iteration":327,"passed_time":1.577618457,"remaining_time":3.232193912},
{"learn":[0.4400536895],"iteration":328,"passed_time":1.586495869,"remaining_time":3.235680025},
{"learn":[0.4396339397],"iteration":329,"passed_time":1.588353849,"remaining_time":3.224839633},
{"learn":[0.4392062412],"iteration":330,"passed_time":1.591698347,"remaining_time":3.217057988},
{"learn":[0.4386608203],"iteration":331,"passed_time":1.593261379,"remaining_time":3.205718678},
{"learn":[0.4380390916],"iteration":332,"passed_time":1.596021858,"remaining_time":3.196836574},
{"learn":[0.4375728521],"iteration":333,"passed_time":1.597624956,"remaining_time":3.185683296},
{"learn":[0.4371340745],"iteration":334,"passed_time":1.600168503,"remaining_time":3.176453893},
{"learn":[0.4367416528],"iteration":335,"passed_time":1.602528054,"remaining_time":3.166900679},
{"learn":[0.4360290309],"iteration":336,"passed_time":1.605489024,"remaining_time":3.158573361},
{"learn":[0.4355702658],"iteration":337,"passed_time":1.607060358,"remaining_time":3.147556086},
{"learn":[0.4351229237],"iteration":338,"passed_time":1.610615381,"remaining_time":3.14046244},
{"learn":[0.4345503542],"iteration":339,"passed_time":1.613033343,"remaining_time":3.131182371},
{"learn":[0.4340234684],"iteration":340,"passed_time":1.614902607,"remaining_time":3.120882164},
{"learn":[0.4335543242],"iteration":341,"passed_time":1.619937068,"remaining_time":3.116721026},
{"learn":[0.4327837831],"iteration":342,"passed_time":1.62135915,"remaining_time":3.105635457},
{"learn":[0.43235991],"iteration":343,"passed_time":1.623073454,"remaining_time":3.09516333},
{"learn":[0.4317457868],"iteration":344,"passed_time":1.626867827,"remaining_time":3.088691093},
{"learn":[0.4311104768],"iteration":345,"passed_time":1.636006643,"remaining_time":3.092336256},
{"learn":[0.4303920223],"iteration":346,"passed_time":1.637530283,"remaining_time":3.081577161},
{"learn":[0.4299070776],"iteration":347,"passed_time":1.638971915,"remaining_time":3.070717497},
{"learn":[0.4294715265],"iteration":348,"passed_time":1.640946323,"remaining_time":3.060905606},
{"learn":[0.428835184],"iteration":349,"passed_time":1.642734934,"remaining_time":3.050793448},
{"learn":[0.4287896011],"iteration":350,"passed_time":1.643961061,"remaining_time":3.039688686},
{"learn":[0.4286654731],"iteration":351,"passed_time":1.645527611,"remaining_time":3.029266739},
{"learn":[0.4281250007],"iteration":352,"passed_time":1.648074279,"remaining_time":3.020691383},
{"learn":[0.4276063012],"iteration":353,"passed_time":1.650409416,"remaining_time":3.011764075},
{"learn":[0.4272505091],"iteration":354,"passed_time":1.653313869,"remaining_time":3.003908298},
{"learn":[0.4271427055],"iteration":355,"passed_time":1.656223729,"remaining_time":2.996090117},
{"learn":[0.4265278074],"iteration":356,"passed_time":1.661582752,"remaining_time":2.992710672},
{"learn":[0.4259514736],"iteration":357,"passed_time":1.663246163,"remaining_time":2.982692841},
{"learn":[0.4254280978],"iteration":358,"passed_time":1.66806917,"remaining_time":2.978363059},
{"learn":[0.424966683],"iteration":359,"passed_time":1.672055306,"remaining_time":2.972542765},
{"learn":[0.4249660419],"iteration":360,"passed_time":1.718589731,"remaining_time":3.042046642},
{"learn":[0.4243938817],"iteration":361,"passed_time":1.721664583,"remaining_time":3.034314928},
{"learn":[0.4243516001],"iteration":362,"passed_time":1.723338468,"remaining_time":3.024150425},
{"learn":[0.4238576571],"iteration":363,"passed_time":1.726213679,"remaining_time":3.016131593},
{"learn":[0.4231362475],"iteration":364,"passed_time":1.733184971,"remaining_time":3.015267004},
{"learn":[0.4223795573],"iteration":365,"passed_time":1.735508221,"remaining_time":3.006317519},
{"learn":[0.4217010962],"iteration":366,"passed_time":1.7385364,"remaining_time":2.998620003},
{"learn":[0.4213191019],"iteration":367,"passed_time":1.741258356,"remaining_time":2.990421959},
{"learn":[0.4209444404],"iteration":368,"passed_time":1.743109597,"remaining_time":2.98076465},
{"learn":[0.4208051198],"iteration":369,"passed_time":1.765108203,"remaining_time":3.005454508},
{"learn":[0.4202266587],"iteration":370,"passed_time":1.773947453,"remaining_time":3.007582069},
{"learn":[0.4197756986],"iteration":371,"passed_time":1.780316213,"remaining_time":3.005480059},
{"learn":[0.4191649775],"iteration":372,"passed_time":1.783375984,"remaining_time":2.997792875},
{"learn":[0.4190543413],"iteration":373,"passed_time":1.787419389,"remaining_time":2.991776838},
{"learn":[0.4184203671],"iteration":374,"passed_time":1.789618883,"remaining_time":2.982698139},
{"learn":[0.4178217451],"iteration":375,"passed_time":1.792228874,"remaining_time":2.97433728},
{"learn":[0.4174757772],"iteration":376,"passed_time":1.822087541,"remaining_time":3.01103591},
{"learn":[0.4173491067],"iteration":377,"passed_time":1.825211155,"remaining_time":3.003389785},
{"learn":[0.4165694396],"iteration":378,"passed_time":1.832845345,"remaining_time":3.003158205},
{"learn":[0.4160547217],"iteration":379,"passed_time":1.834601181,"remaining_time":2.993296663},
{"learn":[0.4157351348],"iteration":380,"passed_time":1.837406541,"remaining_time":2.985182805},
{"learn":[0.4153759552],"iteration":381,"passed_time":1.840436205,"remaining_time":2.97745962},
{"learn":[0.4149483197],"iteration":382,"passed_time":1.847595192,"remaining_time":2.976413142},
{"learn":[0.4144440028],"iteration":383,"passed_time":1.849836069,"remaining_time":2.967445361},
{"learn":[0.4138076113],"iteration":384,"passed_time":1.852461946,"remaining_time":2.959127524},
{"learn":[0.41334728],"iteration":385,"passed_time":1.853838187,"remaining_time":2.948851416},
{"learn":[0.4127382477],"iteration":386,"passed_time":1.855699044,"remaining_time":2.939388925},
{"learn":[0.4126580815],"iteration":387,"passed_time":1.85732372,"remaining_time":2.929593084},
{"learn":[0.4125547489],"iteration":388,"passed_time":1.862075647,"remaining_time":2.924751209},
{"learn":[0.4123186052],"iteration":389,"passed_time":1.864080787,"remaining_time":2.915613538},
{"learn":[0.4118176579],"iteration":390,"passed_time":1.867957949,"remaining_time":2.90942811},
{"learn":[0.4115485039],"iteration":391,"passed_time":1.869997268,"remaining_time":2.900403925},
{"learn":[0.4112551981],"iteration":392,"passed_time":1.906003746,"remaining_time":2.943878559},
{"learn":[0.4110567086],"iteration":393,"passed_time":1.911480894,"remaining_time":2.939993457},
{"learn":[0.4104245471],"iteration":394,"passed_time":1.913767368,"remaining_time":2.931213311},
{"learn":[0.4099767082],"iteration":395,"passed_time":1.916208486,"remaining_time":2.922701832},
{"learn":[0.409731349],"iteration":396,"passed_time":1.918435844,"remaining_time":2.913896257},
{"learn":[0.4092614273],"iteration":397,"passed_time":1.919845946,"remaining_time":2.903887586},
{"learn":[0.4091477136],"iteration":398,"passed_time":1.921800774,"remaining_time":2.894742519},
{"learn":[0.4088726017],"iteration":399,"passed_time":1.924647957,"remaining_time":2.886971935},
{"learn":[0.4084235138],"iteration":400,"passed_time":1.925875316,"remaining_time":2.87680627},
{"learn":[0.4081748399],"iteration":401,"passed_time":1.927641924,"remaining_time":2.86748724},
{"learn":[0.4076533231],"iteration":402,"passed_time":1.929672453,"remaining_time":2.858596661},
{"learn":[0.4071603616],"iteration":403,"passed_time":1.932824623,"remaining_time":2.851394741},
{"learn":[0.4067973634],"iteration":404,"passed_time":1.93470253,"remaining_time":2.842340753},
{"learn":[0.4067420019],"iteration":405,"passed_time":1.942420977,"remaining_time":2.841867144},
{"learn":[0.4066115763],"iteration":406,"passed_time":1.943584016,"remaining_time":2.831806686},
{"learn":[0.4062525325],"iteration":407,"passed_time":1.94543094,"remaining_time":2.822782148},
{"learn":[0.4058763093],"iteration":408,"passed_time":1.946680135,"remaining_time":2.812928997},
{"learn":[0.4054407775],"iteration":409,"passed_time":1.960771384,"remaining_time":2.821597846},
{"learn":[0.4049976163],"iteration":410,"passed_time":1.962160699,"remaining_time":2.811952924},
{"learn":[0.4043687118],"iteration":411,"passed_time":1.96342928,"remaining_time":2.802175768},
{"learn":[0.4038893501],"iteration":412,"passed_time":1.965445371,"remaining_time":2.793502259},
{"learn":[0.4036357714],"iteration":413,"passed_time":1.966773265,"remaining_time":2.783886796},
{"learn":[0.4032682618],"iteration":414,"passed_time":1.968305673,"remaining_time":2.774599564},
{"learn":[0.4026395341],"iteration":415,"passed_time":1.969573688,"remaining_time":2.764978447},
{"learn":[0.4026087569],"iteration":416,"passed_time":1.970573244,"remaining_time":2.755022065},
{"learn":[0.4022658573],"iteration":417,"passed_time":1.975398443,"remaining_time":2.750435153},
{"learn":[0.4018625233],"iteration":418,"passed_time":1.977208253,"remaining_time":2.741665859},
{"learn":[0.4013088246],"iteration":419,"passed_time":1.97913193,"remaining_time":2.733086951},
{"learn":[0.4009576685],"iteration":420,"passed_time":1.980897934,"remaining_time":2.724322812},
{"learn":[0.4003514674],"iteration":421,"passed_time":1.982162561,"remaining_time":2.714905119},
{"learn":[0.3997538202],"iteration":422,"passed_time":1.983429733,"remaining_time":2.705529447},
{"learn":[0.3993637992],"iteration":423,"passed_time":1.984826171,"remaining_time":2.696367629},
{"learn":[0.398897071],"iteration":424,"passed_time":1.986611801,"remaining_time":2.687768907},
{"learn":[0.3987665978],"iteration":425,"passed_time":1.990457301,"remaining_time":2.681977678},
{"learn":[0.3985332953],"iteration":426,"passed_time":1.992161874,"remaining_time":2.673322608},
{"learn":[0.3979994304],"iteration":427,"passed_time":1.996790371,"remaining_time":2.668607693},
{"learn":[0.3975967103],"iteration":428,"passed_time":1.998068301,"remaining_time":2.659433566},
{"learn":[0.3974538161],"iteration":429,"passed_time":1.999290363,"remaining_time":2.650222109},
{"learn":[0.3970070051],"iteration":430,"passed_time":2.000498871,"remaining_time":2.641029832},
{"learn":[0.3965477639],"iteration":431,"passed_time":2.010725237,"remaining_time":2.64373133},
{"learn":[0.3962730335],"iteration":432,"passed_time":2.016854273,"remaining_time":2.641007789},
{"learn":[0.3959226118],"iteration":433,"passed_time":2.018252424,"remaining_time":2.632098783},
{"learn":[0.3953712205],"iteration":434,"passed_time":2.020898873,"remaining_time":2.624845663},
{"learn":[0.3951411512],"iteration":435,"passed_time":2.02354516,"remaining_time":2.617613464},
{"learn":[0.3946664373],"iteration":436,"passed_time":2.02611239,"remaining_time":2.610300402},
{"learn":[0.3946415868],"iteration":437,"passed_time":2.02801843,"remaining_time":2.602160634},
{"learn":[0.3945383284],"iteration":438,"passed_time":2.029455153,"remaining_time":2.593449524},
{"learn":[0.3943493684],"iteration":439,"passed_time":2.030949311,"remaining_time":2.584844578},
{"learn":[0.3939692683],"iteration":440,"passed_time":2.032357681,"remaining_time":2.576163138},
{"learn":[0.3937815593],"iteration":441,"passed_time":2.03500533,"remaining_time":2.569079127},
{"learn":[0.3934894058],"iteration":442,"passed_time":2.042071727,"remaining_time":2.567570998},
{"learn":[0.3932622572],"iteration":443,"passed_time":2.043436875,"remaining_time":2.55889843},
{"learn":[0.3931824287],"iteration":444,"passed_time":2.044668034,"remaining_time":2.550091592},
{"learn":[0.39293839],"iteration":445,"passed_time":2.045968538,"remaining_time":2.541404865},
{"learn":[0.392874178],"iteration":446,"passed_time":2.047503926,"remaining_time":2.53304177},
{"learn":[0.392518321],"iteration":447,"passed_time":2.048800674,"remaining_time":2.524415116},
{"learn":[0.3921825661],"iteration":448,"passed_time":2.050570033,"remaining_time":2.516401087},
{"learn":[0.3917802526],"iteration":449,"passed_time":2.054902315,"remaining_time":2.511547273},
{"learn":[0.3912965596],"iteration":450,"passed_time":2.056216979,"remaining_time":2.503022442},
{"learn":[0.391111164],"iteration":451,"passed_time":2.057488685,"remaining_time":2.494477432},
{"learn":[0.3905855729],"iteration":452,"passed_time":2.058874491,"remaining_time":2.48610231},
{"learn":[0.3903291172],"iteration":453,"passed_time":2.060538972,"remaining_time":2.478093124},
{"learn":[0.3899481343],"iteration":454,"passed_time":2.062543583,"remaining_time":2.470519237},
{"learn":[0.3895361602],"iteration":455,"passed_time":2.063934172,"remaining_time":2.462237258},
{"learn":[0.3892135898],"iteration":456,"passed_time":2.065428267,"remaining_time":2.454108422},
{"learn":[0.3891757157],"iteration":457,"passed_time":2.070433904,"remaining_time":2.45016414},
{"learn":[0.3889135679],"iteration":458,"passed_time":2.072043838,"remaining_time":2.442212889},
{"learn":[0.3886799521],"iteration":459,"passed_time":2.073722551,"remaining_time":2.434369951},
{"learn":[0.3886633635],"iteration":460,"passed_time":2.074918549,"remaining_time":2.425989366},
{"learn":[0.3886212316],"iteration":461,"passed_time":2.076869251,"remaining_time":2.418518738},
{"learn":[0.3881797579],"iteration":462,"passed_time":2.079197485,"remaining_time":2.411509826},
{"learn":[0.3878739172],"iteration":463,"passed_time":2.081543142,"remaining_time":2.404541215},
{"learn":[0.3875655995],"iteration":464,"passed_time":2.085226398,"remaining_time":2.399131447},
{"learn":[0.3875411981],"iteration":465,"passed_time":2.086296473,"remaining_time":2.390734585},
{"learn":[0.3873040511],"iteration":466,"passed_time":2.088452704,"remaining_time":2.38360876},
{"learn":[0.387073148],"iteration":467,"passed_time":2.090732077,"remaining_time":2.376644156},
{"learn":[0.386743574],"iteration":468,"passed_time":2.092056764,"remaining_time":2.368618638},
{"learn":[0.3864316735],"iteration":469,"passed_time":2.093349261,"remaining_time":2.360585337},
{"learn":[0.3859332197],"iteration":470,"passed_time":2.094661415,"remaining_time":2.352602736},
{"learn":[0.3855119314],"iteration":471,"passed_time":2.095969575,"remaining_time":2.344643931},
{"learn":[0.3848722855],"iteration":472,"passed_time":2.097285609,"remaining_time":2.336722021},
{"learn":[0.3844229493],"iteration":473,"passed_time":2.101631888,"remaining_time":2.33219066},
{"learn":[0.3841856387],"iteration":474,"passed_time":2.104426461,"remaining_time":2.325945036},
{"learn":[0.3840702759],"iteration":475,"passed_time":2.106142078,"remaining_time":2.318526153},
{"learn":[0.3838896288],"iteration":476,"passed_time":2.110485117,"remaining_time":2.314011983},
{"learn":[0.3834954434],"iteration":477,"passed_time":2.111964492,"remaining_time":2.306371266},
{"learn":[0.383180562],"iteration":478,"passed_time":2.113586508,"remaining_time":2.298911421},
{"learn":[0.3829230461],"iteration":479,"passed_time":2.118167298,"remaining_time":2.294681239},
{"learn":[0.382662538],"iteration":480,"passed_time":2.120030163,"remaining_time":2.287516954},
{"learn":[0.3823911336],"iteration":481,"passed_time":2.121577981,"remaining_time":2.280036088},
{"learn":[0.3820766754],"iteration":482,"passed_time":2.123608747,"remaining_time":2.273096734},
{"learn":[0.3818448888],"iteration":483,"passed_time":2.125311794,"remaining_time":2.265828277},
{"learn":[0.3815784289],"iteration":484,"passed_time":2.126616249,"remaining_time":2.258159522},
{"learn":[0.3813787692],"iteration":485,"passed_time":2.129101237,"remaining_time":2.251765506},
{"learn":[0.3810601128],"iteration":486,"passed_time":2.132234918,"remaining_time":2.246070868},
{"learn":[0.3807632671],"iteration":487,"passed_time":2.133667909,"remaining_time":2.238602396},
{"learn":[0.3804693818],"iteration":488,"passed_time":2.134966559,"remaining_time":2.231018224},
{"learn":[0.3802024967],"iteration":489,"passed_time":2.136456366,"remaining_time":2.223658666},
{"learn":[0.3800413516],"iteration":490,"passed_time":2.13766253,"remaining_time":2.216028978},
{"learn":[0.3796355247],"iteration":491,"passed_time":2.138864294,"remaining_time":2.208420856},
{"learn":[0.3793632282],"iteration":492,"passed_time":2.140308472,"remaining_time":2.201088023},
{"learn":[0.3792829533],"iteration":493,"passed_time":2.142331849,"remaining_time":2.194372299},
{"learn":[0.3789518356],"iteration":494,"passed_time":2.14387185,"remaining_time":2.187182392},
{"learn":[0.3786081784],"iteration":495,"passed_time":2.1452077,"remaining_time":2.179807824},
{"learn":[0.3781101134],"iteration":496,"passed_time":2.146504467,"remaining_time":2.172418002},
{"learn":[0.3775570194],"iteration":497,"passed_time":2.14787731,"remaining_time":2.165129336},
{"learn":[0.3772223002],"iteration":498,"passed_time":2.150833327,"remaining_time":2.159453902},
{"learn":[0.3768818829],"iteration":499,"passed_time":2.152168023,"remaining_time":2.152168023},
{"learn":[0.3763742288],"iteration":500,"passed_time":2.153468206,"remaining_time":2.144871527},
{"learn":[0.3760513869],"iteration":501,"passed_time":2.154799752,"remaining_time":2.137630033},
{"learn":[0.3758453131],"iteration":502,"passed_time":2.15610756,"remaining_time":2.130388583},
{"learn":[0.3756402916],"iteration":503,"passed_time":2.15765418,"remaining_time":2.123405701},
{"learn":[0.3755197002],"iteration":504,"passed_time":2.158809586,"remaining_time":2.116060882},
{"learn":[0.3753432711],"iteration":505,"passed_time":2.160111882,"remaining_time":2.108883932},
{"learn":[0.3753361563],"iteration":506,"passed_time":2.1611819,"remaining_time":2.101504293},
{"learn":[0.3750161562],"iteration":507,"passed_time":2.162538304,"remaining_time":2.094426861},
{"learn":[0.3745429079],"iteration":508,"passed_time":2.164149505,"remaining_time":2.087617695},
{"learn":[0.3744969388],"iteration":509,"passed_time":2.166471262,"remaining_time":2.081511605},
{"learn":[0.374157138],"iteration":510,"passed_time":2.168664955,"remaining_time":2.075297774},
{"learn":[0.3736891137],"iteration":511,"passed_time":2.170718831,"remaining_time":2.068966386},
{"learn":[0.3732524309],"iteration":512,"passed_time":2.172250136,"remaining_time":2.062155587},
{"learn":[0.3729651133],"iteration":513,"passed_time":2.173533256,"remaining_time":2.055130666},
{"learn":[0.3725591368],"iteration":514,"passed_time":2.174769654,"remaining_time":2.048084043},
{"learn":[0.3721501615],"iteration":515,"passed_time":2.176015309,"remaining_time":2.041068623},
{"learn":[0.3719841586],"iteration":516,"passed_time":2.177268493,"remaining_time":2.034082558},
{"learn":[0.3716860116],"iteration":517,"passed_time":2.179007073,"remaining_time":2.027570288},
{"learn":[0.3714860757],"iteration":518,"passed_time":2.183271794,"remaining_time":2.023417597},
{"learn":[0.3713069545],"iteration":519,"passed_time":2.184633552,"remaining_time":2.016584817},
{"learn":[0.3712522752],"iteration":520,"passed_time":2.185807149,"remaining_time":2.009600047},
{"learn":[0.3708725539],"iteration":521,"passed_time":2.18713127,"remaining_time":2.002775377},
{"learn":[0.3707219753],"iteration":522,"passed_time":2.189021884,"remaining_time":1.99648841},
{"learn":[0.3704021103],"iteration":523,"passed_time":2.190757196,"remaining_time":1.990077148},
{"learn":[0.3701943126],"iteration":524,"passed_time":2.19205838,"remaining_time":1.983290915},
{"learn":[0.369733466],"iteration":525,"passed_time":2.193306936,"remaining_time":1.976478113},
{"learn":[0.369560998],"iteration":526,"passed_time":2.194477026,"remaining_time":1.969616003},
{"learn":[0.3691748864],"iteration":527,"passed_time":2.19621834,"remaining_time":1.963286091},
{"learn":[0.3687205944],"iteration":528,"passed_time":2.198000072,"remaining_time":1.957009516},
{"learn":[0.368498332],"iteration":529,"passed_time":2.20092327,"remaining_time":1.951762145},
{"learn":[0.3683990373],"iteration":530,"passed_time":2.202212004,"remaining_time":1.945079905},
{"learn":[0.3679306149],"iteration":531,"passed_time":2.20435987,"remaining_time":1.93917372},
{"learn":[0.3676890612],"iteration":532,"passed_time":2.205806844,"remaining_time":1.932667535},
{"learn":[0.3672117028],"iteration":533,"passed_time":2.207834097,"remaining_time":1.926686684},
{"learn":[0.3669308391],"iteration":534,"passed_time":2.209444522,"remaining_time":1.920358323},
{"learn":[0.3668614964],"iteration":535,"passed_time":2.210678916,"remaining_time":1.913722047},
{"learn":[0.3665025764],"iteration":536,"passed_time":2.214235463,"remaining_time":1.909108043},
{"learn":[0.3664055261],"iteration":537,"passed_time":2.215328693,"remaining_time":1.902382632},
{"learn":[0.3661877573],"iteration":538,"passed_time":2.216627331,"remaining_time":1.895853803},
{"learn":[0.365997186],"iteration":539,"passed_time":2.217857705,"remaining_time":1.889286193},
{"learn":[0.3659794331],"iteration":540,"passed_time":2.218838113,"remaining_time":1.882526236},
{"learn":[0.3653830323],"iteration":541,"passed_time":2.220109336,"remaining_time":1.87603335},
{"learn":[0.3650178558],"iteration":542,"passed_time":2.221336983,"remaining_time":1.869523023},
{"learn":[0.3646373755],"iteration":543,"passed_time":2.222651712,"remaining_time":1.863105111},
{"learn":[0.3644018902],"iteration":544,"passed_time":2.2238419,"remaining_time":1.856601954},
{"learn":[0.3639101903],"iteration":545,"passed_time":2.226561768,"remaining_time":1.851390188},
{"learn":[0.3633743776],"iteration":546,"passed_time":2.230321126,"remaining_time":1.847048392},
{"learn":[0.3631914755],"iteration":547,"passed_time":2.231643182,"remaining_time":1.840698391},
{"learn":[0.3630023797],"iteration":548,"passed_time":2.232842743,"remaining_time":1.834266079},
{"learn":[0.3629680402],"iteration":549,"passed_time":2.233858104,"remaining_time":1.827702085},
{"learn":[0.3626840896],"iteration":550,"passed_time":2.235151365,"remaining_time":1.821384687},
{"learn":[0.3623791748],"iteration":551,"passed_time":2.237007948,"remaining_time":1.815542682},
{"learn":[0.3621807218],"iteration":552,"passed_time":2.239297416,"remaining_time":1.810065},
{"learn":[0.3619093226],"iteration":553,"passed_time":2.240572951,"remaining_time":1.803782556},
{"learn":[0.3614155359],"iteration":554,"passed_time":2.241798789,"remaining_time":1.797478308},
{"learn":[0.3609051221],"iteration":555,"passed_time":2.245851252,"remaining_time":1.793449561},
{"learn":[0.3606458267],"iteration":556,"passed_time":2.248978232,"remaining_time":1.788684662},
{"learn":[0.3603695042],"iteration":557,"passed_time":2.250608567,"remaining_time":1.78274012},
{"learn":[0.3602721976],"iteration":558,"passed_time":2.252503279,"remaining_time":1.777019581},
{"learn":[0.3601030396],"iteration":559,"passed_time":2.253922184,"remaining_time":1.770938859},
{"learn":[0.3599823766],"iteration":560,"passed_time":2.255145601,"remaining_time":1.76472178},
{"learn":[0.359792102],"iteration":561,"passed_time":2.256828945,"remaining_time":1.758880921},
{"learn":[0.3595500913],"iteration":562,"passed_time":2.261594776,"remaining_time":1.755447455},
{"learn":[0.3592867123],"iteration":563,"passed_time":2.262948776,"remaining_time":1.749371748},
{"learn":[0.3589040842],"iteration":564,"passed_time":2.264529329,"remaining_time":1.743487182},
{"learn":[0.3584623986],"iteration":565,"passed_time":2.265984791,"remaining_time":1.737521907},
{"learn":[0.3578319649],"iteration":566,"passed_time":2.267390972,"remaining_time":1.731534905},
{"learn":[0.3574919065],"iteration":567,"passed_time":2.268666836,"remaining_time":1.725464918},
{"learn":[0.3574484123],"iteration":568,"passed_time":2.269730763,"remaining_time":1.719251246},
{"learn":[0.3571718613],"iteration":569,"passed_time":2.270987981,"remaining_time":1.713201459},
{"learn":[0.35698833],"iteration":570,"passed_time":2.272208424,"remaining_time":1.70714083},
{"learn":[0.3568988058],"iteration":571,"passed_time":2.275467088,"remaining_time":1.702622226},
{"learn":[0.3565770096],"iteration":572,"passed_time":2.277657858,"remaining_time":1.697312226},
{"learn":[0.3565377547],"iteration":573,"passed_time":2.278688606,"remaining_time":1.691152171},
{"learn":[0.3561701291],"iteration":574,"passed_time":2.279916444,"remaining_time":1.685155633},
{"learn":[0.3560650567],"iteration":575,"passed_time":2.281182609,"remaining_time":1.679203865},
{"learn":[0.355959575],"iteration":576,"passed_time":2.282328054,"remaining_time":1.673179839},
{"learn":[0.3555715442],"iteration":577,"passed_time":2.283585538,"remaining_time":1.667254493},
{"learn":[0.3552337375],"iteration":578,"passed_time":2.284821584,"remaining_time":1.661329683},
{"learn":[0.3548453556],"iteration":579,"passed_time":2.286545672,"remaining_time":1.655774452},
{"learn":[0.3544606984],"iteration":580,"passed_time":2.288264552,"remaining_time":1.650228653},
{"learn":[0.3542134345],"iteration":581,"passed_time":2.292444959,"remaining_time":1.646463905},
{"learn":[0.3538947231],"iteration":582,"passed_time":2.293841631,"remaining_time":1.640706621},
{"learn":[0.3536418372],"iteration":583,"passed_time":2.295127262,"remaining_time":1.634885173},
{"learn":[0.3534701712],"iteration":584,"passed_time":2.297605038,"remaining_time":1.629924941},
{"learn":[0.3531861716],"iteration":585,"passed_time":2.299001703,"remaining_time":1.624209394},
{"learn":[0.3528844072],"iteration":586,"passed_time":2.304398562,"remaining_time":1.621323008},
{"learn":[0.3527136233],"iteration":587,"passed_time":2.307286374,"remaining_time":1.616670045},
{"learn":[0.3525715815],"iteration":588,"passed_time":2.309010522,"remaining_time":1.611211078},
{"learn":[0.3521743258],"iteration":589,"passed_time":2.311119966,"remaining_time":1.606032519},
{"learn":[0.3517100182],"iteration":590,"passed_time":2.312896,"remaining_time":1.600633611},
{"learn":[0.3513577249],"iteration":591,"passed_time":2.314120955,"remaining_time":1.594867145},
{"learn":[0.3512199004],"iteration":592,"passed_time":2.315769808,"remaining_time":1.589406934},
{"learn":[0.3509853151],"iteration":593,"passed_time":2.316970515,"remaining_time":1.583653247},
{"learn":[0.3506710894],"iteration":594,"passed_time":2.318186763,"remaining_time":1.577925444},
{"learn":[0.3502259599],"iteration":595,"passed_time":2.320036419,"remaining_time":1.572642137},
{"learn":[0.3496880823],"iteration":596,"passed_time":2.32298445,"remaining_time":1.568111781},
{"learn":[0.349532936],"iteration":597,"passed_time":2.324360112,"remaining_time":1.562529707},
{"learn":[0.3494826131],"iteration":598,"passed_time":2.325407808,"remaining_time":1.556742122},
{"learn":[0.3493384447],"iteration":599,"passed_time":2.326806021,"remaining_time":1.551204014},
{"learn":[0.3491326577],"iteration":600,"passed_time":2.32796407,"remaining_time":1.545520239},
{"learn":[0.3485782961],"iteration":601,"passed_time":2.329083018,"remaining_time":1.53982565},
{"learn":[0.3481894387],"iteration":602,"passed_time":2.338399599,"remaining_time":1.539543351},
{"learn":[0.3478979521],"iteration":603,"passed_time":2.339902415,"remaining_time":1.534108206},
{"learn":[0.3477758772],"iteration":604,"passed_time":2.342710136,"remaining_time":1.529538023},
{"learn":[0.347524233],"iteration":605,"passed_time":2.344219233,"remaining_time":1.524129337},
{"learn":[0.3471057196],"iteration":606,"passed_time":2.352561412,"remaining_time":1.523157554},
{"learn":[0.3468865282],"iteration":607,"passed_time":2.35588835,"remaining_time":1.518928015},
{"learn":[0.346782126],"iteration":608,"passed_time":2.358210046,"remaining_time":1.514056039},
{"learn":[0.3467197749],"iteration":609,"passed_time":2.362766641,"remaining_time":1.510621295},
{"learn":[0.3463848048],"iteration":610,"passed_time":2.364269215,"remaining_time":1.505238502},
{"learn":[0.3458953672],"iteration":611,"passed_time":2.365591119,"remaining_time":1.499753847},
{"learn":[0.3458691153],"iteration":612,"passed_time":2.366608317,"remaining_time":1.494090406},
{"learn":[0.3457393527],"iteration":613,"passed_time":2.368725104,"remaining_time":1.489133372},
{"learn":[0.3452726622],"iteration":614,"passed_time":2.370618839,"remaining_time":1.48404594},
{"learn":[0.3452073832],"iteration":615,"passed_time":2.372351018,"remaining_time":1.478868167},
{"learn":[0.344987458],"iteration":616,"passed_time":2.374712542,"remaining_time":1.474092226},
{"learn":[0.344625081],"iteration":617,"passed_time":2.376701582,"remaining_time":1.469093858},
{"learn":[0.3445436166],"iteration":618,"passed_time":2.378059261,"remaining_time":1.463716605},
{"learn":[0.344381537],"iteration":619,"passed_time":2.380497344,"remaining_time":1.459014501},
{"learn":[0.3441495472],"iteration":620,"passed_time":2.383437272,"remaining_time":1.454625968},
{"learn":[0.3440004342],"iteration":621,"passed_time":2.385184727,"remaining_time":1.449517406},
{"learn":[0.3436616719],"iteration":622,"passed_time":2.38630531,"remaining_time":1.444040292},
{"learn":[0.3432490336],"iteration":623,"passed_time":2.387407796,"remaining_time":1.438566236},
{"learn":[0.3428411431],"iteration":624,"passed_time":2.388493983,"remaining_time":1.43309639},
{"learn":[0.3425723844],"iteration":625,"passed_time":2.389614871,"remaining_time":1.427661281},
{"learn":[0.3423507127],"iteration":626,"passed_time":2.390709672,"remaining_time":1.422224414},
{"learn":[0.3421175857],"iteration":627,"passed_time":2.391784853,"remaining_time":1.416789754},
{"learn":[0.34195814],"iteration":628,"passed_time":2.392941501,"remaining_time":1.411417006},
{"learn":[0.3418971466],"iteration":629,"passed_time":2.394011913,"remaining_time":1.406006996},
{"learn":[0.3416939974],"iteration":630,"passed_time":2.395187702,"remaining_time":1.400672365},
{"learn":[0.3414440162],"iteration":631,"passed_time":2.396344991,"remaining_time":1.395340121},
{"learn":[0.3412317852],"iteration":632,"passed_time":2.397511614,"remaining_time":1.390026481},
{"learn":[0.3410631431],"iteration":633,"passed_time":2.419261026,"remaining_time":1.3966081},
{"learn":[0.3408873094],"iteration":634,"passed_time":2.421404423,"remaining_time":1.391830889},
{"learn":[0.340829981],"iteration":635,"passed_time":2.422515221,"remaining_time":1.386470976},
{"learn":[0.3408183926],"iteration":636,"passed_time":2.424616617,"remaining_time":1.381688904},
{"learn":[0.3405826098],"iteration":637,"passed_time":2.426717461,"remaining_time":1.376914923},
{"learn":[0.3403491464],"iteration":638,"passed_time":2.430018197,"remaining_time":1.372827181},
{"learn":[0.3401558333],"iteration":639,"passed_time":2.4312122,"remaining_time":1.367556862},
{"learn":[0.3397564736],"iteration":640,"passed_time":2.432383091,"remaining_time":1.362286318},
{"learn":[0.3396430247],"iteration":641,"passed_time":2.433386863,"remaining_time":1.356935354},
{"learn":[0.3393015027],"iteration":642,"passed_time":2.434653496,"remaining_time":1.351743854},
{"learn":[0.3390307234],"iteration":643,"passed_time":2.437138829,"remaining_time":1.347238235},
{"learn":[0.3387461311],"iteration":644,"passed_time":2.438300168,"remaining_time":1.34201017},
{"learn":[0.338636099],"iteration":645,"passed_time":2.439279908,"remaining_time":1.336695182},
{"learn":[0.3383893099],"iteration":646,"passed_time":2.440391304,"remaining_time":1.331465426},
{"learn":[0.3381241063],"iteration":647,"passed_time":2.441496195,"remaining_time":1.326244847},
{"learn":[0.3378498521],"iteration":648,"passed_time":2.442593774,"remaining_time":1.321032996},
{"learn":[0.3377253817],"iteration":649,"passed_time":2.443698423,"remaining_time":1.315837613},
{"learn":[0.3373428252],"iteration":650,"passed_time":2.445679159,"remaining_time":1.311124465},
{"learn":[0.3368371122],"iteration":651,"passed_time":2.447021705,"remaining_time":1.306079069},
{"learn":[0.3368275245],"iteration":652,"passed_time":2.448544805,"remaining_time":1.301140961},
{"learn":[0.3365265363],"iteration":653,"passed_time":2.449934239,"remaining_time":1.296142579},
{"learn":[0.3362623592],"iteration":654,"passed_time":2.451679451,"remaining_time":1.291342611},
{"learn":[0.3360385776],"iteration":655,"passed_time":2.455836755,"remaining_time":1.287816835},
{"learn":[0.3358104348],"iteration":656,"passed_time":2.457463749,"remaining_time":1.282968137},
{"learn":[0.335400692],"iteration":657,"passed_time":2.459798895,"remaining_time":1.278497298},
{"learn":[0.3353327963],"iteration":658,"passed_time":2.460758357,"remaining_time":1.273321092},
{"learn":[0.334935487],"iteration":659,"passed_time":2.461783375,"remaining_time":1.268191435},
{"learn":[0.3346787188],"iteration":660,"passed_time":2.462823177,"remaining_time":1.263081781},
{"learn":[0.334326952],"iteration":661,"passed_time":2.464116336,"remaining_time":1.258113779},
{"learn":[0.3340003649],"iteration":662,"passed_time":2.465260006,"remaining_time":1.253080878},
{"learn":[0.3337267611],"iteration":663,"passed_time":2.466387654,"remaining_time":1.248051584},
{"learn":[0.3335192588],"iteration":664,"passed_time":2.467490336,"remaining_time":1.243021448},
{"learn":[0.3333480424],"iteration":665,"passed_time":2.468603309,"remaining_time":1.238008266},
{"learn":[0.3333167798],"iteration":666,"passed_time":2.469572622,"remaining_time":1.232935057},
{"learn":[0.3331503292],"iteration":667,"passed_time":2.470673297,"remaining_time":1.227939423},
{"learn":[0.3325985822],"iteration":668,"passed_time":2.471756477,"remaining_time":1.222946777},
{"learn":[0.3320930176],"iteration":669,"passed_time":2.472932743,"remaining_time":1.218011649},
{"learn":[0.3320921302],"iteration":670,"passed_time":2.473989298,"remaining_time":1.21302903},
{"learn":[0.3316964851],"iteration":671,"passed_time":2.475585168,"remaining_time":1.208321332},
{"learn":[0.3314124074],"iteration":672,"passed_time":2.476686177,"remaining_time":1.203382437},
{"learn":[0.3312962201],"iteration":673,"passed_time":2.477826833,"remaining_time":1.198474106},
{"learn":[0.3310670528],"iteration":674,"passed_time":2.478954911,"remaining_time":1.193570883},
{"learn":[0.3309194187],"iteration":675,"passed_time":2.480065531,"remaining_time":1.188670461},
{"learn":[0.3306377874],"iteration":676,"passed_time":2.481188071,"remaining_time":1.183786923},
{"learn":[0.3305599325],"iteration":677,"passed_time":2.482330076,"remaining_time":1.178923723},
{"learn":[0.3303342409],"iteration":678,"passed_time":2.483459972,"remaining_time":1.17406576},
{"learn":[0.3301531414],"iteration":679,"passed_time":2.484568675,"remaining_time":1.169208788},
{"learn":[0.3299028185],"iteration":680,"passed_time":2.485640882,"remaining_time":1.164345729},
{"learn":[0.3297163619],"iteration":681,"passed_time":2.486740303,"remaining_time":1.159506476},
{"learn":[0.329450045],"iteration":682,"passed_time":2.487842159,"remaining_time":1.154679304},
{"learn":[0.3289964577],"iteration":683,"passed_time":2.489998211,"remaining_time":1.150350051},
{"learn":[0.3288255711],"iteration":684,"passed_time":2.491670141,"remaining_time":1.145804517},
{"learn":[0.3287541807],"iteration":685,"passed_time":2.49277092,"remaining_time":1.141005931},
{"learn":[0.3285626815],"iteration":686,"passed_time":2.494459617,"remaining_time":1.136485968},
{"learn":[0.328325608],"iteration":687,"passed_time":2.496341786,"remaining_time":1.132061973},
{"learn":[0.3279527605],"iteration":688,"passed_time":2.497751862,"remaining_time":1.127432263},
{"learn":[0.3275717497],"iteration":689,"passed_time":2.499838564,"remaining_time":1.123115877},
{"learn":[0.3273643984],"iteration":690,"passed_time":2.501347514,"remaining_time":1.118547586},
{"learn":[0.3269789159],"iteration":691,"passed_time":2.502750533,"remaining_time":1.113940989},
{"learn":[0.3267878281],"iteration":692,"passed_time":2.50385196,"remaining_time":1.109210031},
{"learn":[0.3264727261],"iteration":693,"passed_time":2.504939367,"remaining_time":1.104483352},
{"learn":[0.3264328314],"iteration":694,"passed_time":2.505857817,"remaining_time":1.099692999},
{"learn":[0.3264008045],"iteration":695,"passed_time":2.506836602,"remaining_time":1.094940125},
{"learn":[0.3261829734],"iteration":696,"passed_time":2.508003574,"remaining_time":1.090279889},
{"learn":[0.3261153109],"iteration":697,"passed_time":2.508962918,"remaining_time":1.08553983},
{"learn":[0.325745113],"iteration":698,"passed_time":2.510102963,"remaining_time":1.0808884},
{"learn":[0.3255545576],"iteration":699,"passed_time":2.511204926,"remaining_time":1.076230682},
{"learn":[0.3255180385],"iteration":700,"passed_time":2.512286196,"remaining_time":1.071574283},
{"learn":[0.3252208749],"iteration":701,"passed_time":2.513755463,"remaining_time":1.067092775},
{"learn":[0.3250430703],"iteration":702,"passed_time":2.515064608,"remaining_time":1.062552189},
{"learn":[0.3249269744],"iteration":703,"passed_time":2.517010243,"remaining_time":1.058288397},
{"learn":[0.3246199661],"iteration":704,"passed_time":2.518830706,"remaining_time":1.053978806},
{"learn":[0.3243261774],"iteration":705,"passed_time":2.5222687,"remaining_time":1.050349855},
{"learn":[0.3243099603],"iteration":706,"passed_time":2.523541474,"remaining_time":1.045824119},
{"learn":[0.3241045329],"iteration":707,"passed_time":2.526365031,"remaining_time":1.04194716},
{"learn":[0.3241014686],"iteration":708,"passed_time":2.527553507,"remaining_time":1.037402074},
{"learn":[0.323831247],"iteration":709,"passed_time":2.528671088,"remaining_time":1.032837487},
{"learn":[0.3237644785],"iteration":710,"passed_time":2.529588459,"remaining_time":1.028201216},
{"learn":[0.3237503654],"iteration":711,"passed_time":2.530497372,"remaining_time":1.023571971},
{"learn":[0.3235979352],"iteration":712,"passed_time":2.531778694,"remaining_time":1.019103065},
{"learn":[0.3233039863],"iteration":713,"passed_time":2.532959242,"remaining_time":1.014602721},
{"learn":[0.3231182615],"iteration":714,"passed_time":2.53443415,"remaining_time":1.010228997},
{"learn":[0.3229630199],"iteration":715,"passed_time":2.535525312,"remaining_time":1.005711157},
{"learn":[0.3227779057],"iteration":716,"passed_time":2.536622734,"remaining_time":1.001205347},
{"learn":[0.3227243768],"iteration":717,"passed_time":2.538199947,"remaining_time":0.9968974721},
{"learn":[0.322410012],"iteration":718,"passed_time":2.540746242,"remaining_time":0.9929759306},
{"learn":[0.3223712371],"iteration":719,"passed_time":2.542741218,"remaining_time":0.9888438071},
{"learn":[0.3219846951],"iteration":720,"passed_time":2.545214487,"remaining_time":0.9849026932},
{"learn":[0.3217619081],"iteration":721,"passed_time":2.546578736,"remaining_time":0.9805386268},
{"learn":[0.3217586332],"iteration":722,"passed_time":2.547956243,"remaining_time":0.976187938},
{"learn":[0.3214283142],"iteration":723,"passed_time":2.550637156,"remaining_time":0.9723423412},
{"learn":[0.3212350183],"iteration":724,"passed_time":2.551997065,"remaining_time":0.9679988868},
{"learn":[0.3208828006],"iteration":725,"passed_time":2.555435449,"remaining_time":0.9644480895},
{"learn":[0.3207151956],"iteration":726,"passed_time":2.560931403,"remaining_time":0.9616702518},
{"learn":[0.3203885496],"iteration":727,"passed_time":2.56312688,"remaining_time":0.9576518013},
{"learn":[0.3203802473],"iteration":728,"passed_time":2.564415942,"remaining_time":0.9533013996},
{"learn":[0.3202230665],"iteration":729,"passed_time":2.565901598,"remaining_time":0.9490320978},
{"learn":[0.3199228558],"iteration":730,"passed_time":2.568250214,"remaining_time":0.945087972},
{"learn":[0.3195837034],"iteration":731,"passed_time":2.570226243,"remaining_time":0.941011794},
{"learn":[0.3191511697],"iteration":732,"passed_time":2.574532205,"remaining_time":0.9377900393},
{"learn":[0.3188320716],"iteration":733,"passed_time":2.57619793,"remaining_time":0.933608514},
{"learn":[0.318618993],"iteration":734,"passed_time":2.578010199,"remaining_time":0.9294866702},
{"learn":[0.3184814976],"iteration":735,"passed_time":2.579541596,"remaining_time":0.925270355},
{"learn":[0.3183614843],"iteration":736,"passed_time":2.581335472,"remaining_time":0.9211549919},
{"learn":[0.3181203379],"iteration":737,"passed_time":2.582586843,"remaining_time":0.9168533236},
{"learn":[0.3178383629],"iteration":738,"passed_time":2.584191774,"remaining_time":0.9126847808},
{"learn":[0.3176848147],"iteration":739,"passed_time":2.585979228,"remaining_time":0.9085872962},
{"learn":[0.3173887458],"iteration":740,"passed_time":2.588631207,"remaining_time":0.9047982223},
{"learn":[0.3170264297],"iteration":741,"passed_time":2.590244664,"remaining_time":0.9006511096},
{"learn":[0.3168527861],"iteration":742,"passed_time":2.592273211,"remaining_time":0.8966543945},
{"learn":[0.3164040413],"iteration":743,"passed_time":2.593688427,"remaining_time":0.892451932},
{"learn":[0.3161556211],"iteration":744,"passed_time":2.595974799,"remaining_time":0.8885551325},
{"learn":[0.3160995225],"iteration":745,"passed_time":2.597475656,"remaining_time":0.8843951967},
{"learn":[0.3159855505],"iteration":746,"passed_time":2.599358642,"remaining_time":0.8803718026},
{"learn":[0.3157196502],"iteration":747,"passed_time":2.600515697,"remaining_time":0.8761095664},
{"learn":[0.3153680086],"iteration":748,"passed_time":2.60174962,"remaining_time":0.8718813812},
{"learn":[0.3150988837],"iteration":749,"passed_time":2.603538642,"remaining_time":0.8678462142},
{"learn":[0.3150003307],"iteration":750,"passed_time":2.606153882,"remaining_time":0.8640909676},
{"learn":[0.3149494191],"iteration":751,"passed_time":2.607210523,"remaining_time":0.8598247471},
{"learn":[0.3146947589],"iteration":752,"passed_time":2.608959658,"remaining_time":0.8557942038},
{"learn":[0.3142468724],"iteration":753,"passed_time":2.611846246,"remaining_time":0.8521408177},
{"learn":[0.3138744599],"iteration":754,"passed_time":2.613541702,"remaining_time":0.8481029365},
{"learn":[0.3136175262],"iteration":755,"passed_time":2.61510883,"remaining_time":0.844029834},
{"learn":[0.3132656892],"iteration":756,"passed_time":2.616776812,"remaining_time":0.8399957269},
{"learn":[0.3129561663],"iteration":757,"passed_time":2.618166218,"remaining_time":0.8358789245},
{"learn":[0.3126741648],"iteration":758,"passed_time":2.620781732,"remaining_time":0.8321586262},
{"learn":[0.3124654207],"iteration":759,"passed_time":2.622643945,"remaining_time":0.828203351},
{"learn":[0.3122870233],"iteration":760,"passed_time":2.62585566,"remaining_time":0.8246774017},
{"learn":[0.3119198389],"iteration":761,"passed_time":2.628075189,"remaining_time":0.8208423819},
{"learn":[0.3116430779],"iteration":762,"passed_time":2.631186507,"remaining_time":0.8172886006},
{"learn":[0.3114026659],"iteration":763,"passed_time":2.635258152,"remaining_time":0.814032623},
{"learn":[0.3111728443],"iteration":764,"passed_time":2.63863821,"remaining_time":0.8105620644},
{"learn":[0.3109573907],"iteration":765,"passed_time":2.64073196,"remaining_time":0.8066987971},
{"learn":[0.3107967251],"iteration":766,"passed_time":2.64497807,"remaining_time":0.8034939901},
{"learn":[0.3105633961],"iteration":767,"passed_time":2.646370105,"remaining_time":0.7994243025},
{"learn":[0.3103948149],"iteration":768,"passed_time":2.648840251,"remaining_time":0.7956854329},
{"learn":[0.3101170911],"iteration":769,"passed_time":2.651029747,"remaining_time":0.7918660285},
{"learn":[0.3099249065],"iteration":770,"passed_time":2.652775763,"remaining_time":0.7879191306},
{"learn":[0.3094610029],"iteration":771,"passed_time":2.655451925,"remaining_time":0.7842526411},
{"learn":[0.3092026883],"iteration":772,"passed_time":2.658231075,"remaining_time":0.7806189574},
{"learn":[0.3089443624],"iteration":773,"passed_time":2.660742033,"remaining_time":0.7769091723},
{"learn":[0.3088189039],"iteration":774,"passed_time":2.663074024,"remaining_time":0.7731505231},
{"learn":[0.308600282],"iteration":775,"passed_time":2.665810571,"remaining_time":0.7695123298},
{"learn":[0.308408469],"iteration":776,"passed_time":2.670515156,"remaining_time":0.7664412867},
{"learn":[0.3082809859],"iteration":777,"passed_time":2.671992715,"remaining_time":0.762445222},
{"learn":[0.3080341763],"iteration":778,"passed_time":2.673669738,"remaining_time":0.7585122108},
{"learn":[0.3078216924],"iteration":779,"passed_time":2.674980622,"remaining_time":0.7544817138},
{"learn":[0.3077623361],"iteration":780,"passed_time":2.676228672,"remaining_time":0.7504405624},
{"learn":[0.3076063044],"iteration":781,"passed_time":2.67759117,"remaining_time":0.7464384593},
{"learn":[0.3073636783],"iteration":782,"passed_time":2.678864153,"remaining_time":0.7424182902},
{"learn":[0.3073168457],"iteration":783,"passed_time":2.679841045,"remaining_time":0.7383235532},
{"learn":[0.3070976151],"iteration":784,"passed_time":2.683950612,"remaining_time":0.7350947536},
{"learn":[0.3069198449],"iteration":785,"passed_time":2.685087214,"remaining_time":0.7310542797},
{"learn":[0.3067322903],"iteration":786,"passed_time":2.686135322,"remaining_time":0.7269972346},
{"learn":[0.3062990619],"iteration":787,"passed_time":2.687631847,"remaining_time":0.7230684665},
{"learn":[0.3060317616],"iteration":788,"passed_time":2.688767172,"remaining_time":0.7190492691},
{"learn":[0.3058897164],"iteration":789,"passed_time":2.689807579,"remaining_time":0.7150121414},
{"learn":[0.3056719104],"iteration":790,"passed_time":2.690868805,"remaining_time":0.7109880913},
{"learn":[0.3053700334],"iteration":791,"passed_time":2.691918673,"remaining_time":0.7069685404},
{"learn":[0.3051587198],"iteration":792,"passed_time":2.692962937,"remaining_time":0.7029550163},
{"learn":[0.3048347804],"iteration":793,"passed_time":2.694043313,"remaining_time":0.6989583407},
{"learn":[0.3046195825],"iteration":794,"passed_time":2.695313091,"remaining_time":0.6950178411},
{"learn":[0.3044889973],"iteration":795,"passed_time":2.698569133,"remaining_time":0.6915930943},
{"learn":[0.3041825851],"iteration":796,"passed_time":2.700137847,"remaining_time":0.6877389999},
{"learn":[0.3041279727],"iteration":797,"passed_time":2.701018649,"remaining_time":0.6837165001},
{"learn":[0.3038728608],"iteration":798,"passed_time":2.70193649,"remaining_time":0.679711182},
{"learn":[0.3035827074],"iteration":799,"passed_time":2.702875777,"remaining_time":0.6757189443},
{"learn":[0.3033711678],"iteration":800,"passed_time":2.703876172,"remaining_time":0.6717495109},
{"learn":[0.3031257762],"iteration":801,"passed_time":2.704761719,"remaining_time":0.6677591277},
{"learn":[0.3030015548],"iteration":802,"passed_time":2.705866768,"remaining_time":0.6638303279},
{"learn":[0.3026704384],"iteration":803,"passed_time":2.707004603,"remaining_time":0.6599165449},
{"learn":[0.3023560802],"iteration":804,"passed_time":2.708398129,"remaining_time":0.6560715964},
{"learn":[0.3021850215],"iteration":805,"passed_time":2.709700678,"remaining_time":0.6522108333},
{"learn":[0.3019406425],"iteration":806,"passed_time":2.710708506,"remaining_time":0.6482859252},
{"learn":[0.3018017458],"iteration":807,"passed_time":2.711718901,"remaining_time":0.6443688478},
{"learn":[0.3015915056],"iteration":808,"passed_time":2.713315131,"remaining_time":0.6405972682},
{"learn":[0.3013296968],"iteration":809,"passed_time":2.714336827,"remaining_time":0.6366962927},
{"learn":[0.3012936976],"iteration":810,"passed_time":2.715545719,"remaining_time":0.632846043},
{"learn":[0.3010406567],"iteration":811,"passed_time":2.726684566,"remaining_time":0.6313013527},
{"learn":[0.300762605],"iteration":812,"passed_time":2.728533686,"remaining_time":0.6275963091},
{"learn":[0.3004462494],"iteration":813,"passed_time":2.730141229,"remaining_time":0.6238406249},
{"learn":[0.3002581259],"iteration":814,"passed_time":2.731752288,"remaining_time":0.6200910103},
{"learn":[0.3001350522],"iteration":815,"passed_time":2.732785755,"remaining_time":0.6162163957},
{"learn":[0.3000162575],"iteration":816,"passed_time":2.734047813,"remaining_time":0.6123999386},
{"learn":[0.2999610384],"iteration":817,"passed_time":2.735377991,"remaining_time":0.6086048831},
{"learn":[0.2996610741],"iteration":818,"passed_time":2.73685762,"remaining_time":0.6048488756},
{"learn":[0.2994254165],"iteration":819,"passed_time":2.738426894,"remaining_time":0.6011180988},
{"learn":[0.2991431614],"iteration":820,"passed_time":2.740727822,"remaining_time":0.5975521073},
{"learn":[0.2989938054],"iteration":821,"passed_time":2.743051932,"remaining_time":0.5939942141},
{"learn":[0.2986892535],"iteration":822,"passed_time":2.744790415,"remaining_time":0.59031337},
{"learn":[0.2983211431],"iteration":823,"passed_time":2.747167989,"remaining_time":0.5867737452},
{"learn":[0.2981844127],"iteration":824,"passed_time":2.749159067,"remaining_time":0.5831549535},
{"learn":[0.2981075817],"iteration":825,"passed_time":2.750758357,"remaining_time":0.5794575716},
{"learn":[0.2980334851],"iteration":826,"passed_time":2.752662552,"remaining_time":0.5758290466},
{"learn":[0.297712381],"iteration":827,"passed_time":2.754671626,"remaining_time":0.572226473},
{"learn":[0.2975180017],"iteration":828,"passed_time":2.756292914,"remaining_time":0.5685477543},
{"learn":[0.2974236581],"iteration":829,"passed_time":2.758024338,"remaining_time":0.5648965511},
{"learn":[0.297158177],"iteration":830,"passed_time":2.759370658,"remaining_time":0.5611716501},
{"learn":[0.2968733476],"iteration":831,"passed_time":2.761311739,"remaining_time":0.5575725628},
{"learn":[0.2966186603],"iteration":832,"passed_time":2.76340615,"remaining_time":0.5540081958},
{"learn":[0.296467542],"iteration":833,"passed_time":2.765231366,"remaining_time":0.5503937732},
{"learn":[0.2961914149],"iteration":834,"passed_time":2.766174621,"remaining_time":0.5466093562},
{"learn":[0.2960383236],"iteration":835,"passed_time":2.76727367,"remaining_time":0.542862299},
{"learn":[0.2958830184],"iteration":836,"passed_time":2.768969964,"remaining_time":0.5392378783},
{"learn":[0.295727194],"iteration":837,"passed_time":2.770025452,"remaining_time":0.5354941804},
{"learn":[0.2954218487],"iteration":838,"passed_time":2.771020086,"remaining_time":0.5317452132},
{"learn":[0.2951748689],"iteration":839,"passed_time":2.771990088,"remaining_time":0.527998112},
{"learn":[0.2948509157],"iteration":840,"passed_time":2.772953461,"remaining_time":0.5242563619},
{"learn":[0.2947072102],"iteration":841,"passed_time":2.775124902,"remaining_time":0.5207479032},
{"learn":[0.2944614053],"iteration":842,"passed_time":2.776369034,"remaining_time":0.5170699151},
{"learn":[0.2941942844],"iteration":843,"passed_time":2.777359417,"remaining_time":0.5133507928},
{"learn":[0.2938995818],"iteration":844,"passed_time":2.778271521,"remaining_time":0.5096237701},
{"learn":[0.2938368248],"iteration":845,"passed_time":2.779080492,"remaining_time":0.5058846285},
{"learn":[0.2936846097],"iteration":846,"passed_time":2.779924543,"remaining_time":0.5021587427},
{"learn":[0.2935887078],"iteration":847,"passed_time":2.780824601,"remaining_time":0.4984496926},
{"learn":[0.2934389399],"iteration":848,"passed_time":2.781724171,"remaining_time":0.4947471729},
{"learn":[0.2931707753],"iteration":849,"passed_time":2.782657085,"remaining_time":0.4910571326},
{"learn":[0.2929869407],"iteration":850,"passed_time":2.783630044,"remaining_time":0.4873805835},
{"learn":[0.292741749],"iteration":851,"passed_time":2.784759954,"remaining_time":0.4837376446},
{"learn":[0.2926643358],"iteration":852,"passed_time":2.785706837,"remaining_time":0.4800690563},
{"learn":[0.2924487531],"iteration":853,"passed_time":2.786571998,"remaining_time":0.4763928709},
{"learn":[0.2924174156],"iteration":854,"passed_time":2.787584219,"remaining_time":0.4727482009},
{"learn":[0.292308312],"iteration":855,"passed_time":2.788545414,"remaining_time":0.4691010977},
{"learn":[0.2922641913],"iteration":856,"passed_time":2.789782178,"remaining_time":0.4655062443},
{"learn":[0.2919239726],"iteration":857,"passed_time":2.790685492,"remaining_time":0.4618617014},
{"learn":[0.2917280813],"iteration":858,"passed_time":2.791873929,"remaining_time":0.4582703423},
{"learn":[0.291526352],"iteration":859,"passed_time":2.792769157,"remaining_time":0.4546368395},
{"learn":[0.2912486845],"iteration":860,"passed_time":2.793844064,"remaining_time":0.4510387048},
{"learn":[0.2909546071],"iteration":861,"passed_time":2.79497722,"remaining_time":0.4474557498},
{"learn":[0.2908102512],"iteration":862,"passed_time":2.796098323,"remaining_time":0.4438765588},
{"learn":[0.2905806839],"iteration":863,"passed_time":2.797079257,"remaining_time":0.4402809942},
{"learn":[0.2903205574],"iteration":864,"passed_time":2.797989212,"remaining_time":0.4366803972},
{"learn":[0.290077383],"iteration":865,"passed_time":2.798918292,"remaining_time":0.4330889736},
{"learn":[0.2898344318],"iteration":866,"passed_time":2.799851144,"remaining_time":0.42950427},
{"learn":[0.289638916],"iteration":867,"passed_time":2.800794669,"remaining_time":0.4259273},
{"learn":[0.2894008683],"iteration":868,"passed_time":2.801744951,"remaining_time":0.4223574092},
{"learn":[0.2891484102],"iteration":869,"passed_time":2.802792585,"remaining_time":0.4188080874},
{"learn":[0.2889813754],"iteration":870,"passed_time":2.803915587,"remaining_time":0.4152756725},
{"learn":[0.2888595872],"iteration":871,"passed_time":2.805273184,"remaining_time":0.4117832197},
{"learn":[0.2887968202],"iteration":872,"passed_time":2.806224546,"remaining_time":0.4082365606},
{"learn":[0.2886223919],"iteration":873,"passed_time":2.807165541,"remaining_time":0.4046943458},
{"learn":[0.2883582864],"iteration":874,"passed_time":2.808956883,"remaining_time":0.4012795547},
{"learn":[0.288152343],"iteration":875,"passed_time":2.809998591,"remaining_time":0.3977623576},
{"learn":[0.2879455898],"iteration":876,"passed_time":2.81093604,"remaining_time":0.3942361836},
{"learn":[0.2876246399],"iteration":877,"passed_time":2.812114177,"remaining_time":0.3907493503},
{"learn":[0.2876027657],"iteration":878,"passed_time":2.813213307,"remaining_time":0.3872568944},
{"learn":[0.287405775],"iteration":879,"passed_time":2.814117702,"remaining_time":0.383743323},
{"learn":[0.2871315188],"iteration":880,"passed_time":2.815069832,"remaining_time":0.3802421227},
{"learn":[0.2869031303],"iteration":881,"passed_time":2.815964646,"remaining_time":0.3767390343},
{"learn":[0.2867590917],"iteration":882,"passed_time":2.817079283,"remaining_time":0.3732709809},
{"learn":[0.2865341816],"iteration":883,"passed_time":2.818719476,"remaining_time":0.3698772163},
{"learn":[0.2863867058],"iteration":884,"passed_time":2.819760202,"remaining_time":0.3664095178},
{"learn":[0.2860741635],"iteration":885,"passed_time":2.821749435,"remaining_time":0.3630693403},
{"learn":[0.2858447207],"iteration":886,"passed_time":2.823542274,"remaining_time":0.3597071894},
{"learn":[0.2855254889],"iteration":887,"passed_time":2.824904075,"remaining_time":0.3562942076},
{"learn":[0.2853805774],"iteration":888,"passed_time":2.825876716,"remaining_time":0.3528372503},
{"learn":[0.2851546254],"iteration":889,"passed_time":2.826849028,"remaining_time":0.349385835},
{"learn":[0.2848344624],"iteration":890,"passed_time":2.828445658,"remaining_time":0.3460163599},
{"learn":[0.2846892887],"iteration":891,"passed_time":2.82977167,"remaining_time":0.3426180946},
{"learn":[0.2845788631],"iteration":892,"passed_time":2.831167144,"remaining_time":0.3392327932},
{"learn":[0.2843981849],"iteration":893,"passed_time":2.83276175,"remaining_time":0.3358755542},
{"learn":[0.2841945615],"iteration":894,"passed_time":2.834048519,"remaining_time":0.3324861391},
{"learn":[0.2839152621],"iteration":895,"passed_time":2.835747052,"remaining_time":0.3291492113},
{"learn":[0.2836835259],"iteration":896,"passed_time":2.837145104,"remaining_time":0.3257814333},
{"learn":[0.2834453629],"iteration":897,"passed_time":2.838751282,"remaining_time":0.3224416823},
{"learn":[0.2834224065],"iteration":898,"passed_time":2.839661887,"remaining_time":0.3190276425},
{"learn":[0.2831299623],"iteration":899,"passed_time":2.841473715,"remaining_time":0.3157193017},
{"learn":[0.2828253335],"iteration":900,"passed_time":2.842571904,"remaining_time":0.3123358695},
{"learn":[0.2825986591],"iteration":901,"passed_time":2.843643271,"remaining_time":0.3089545904},
{"learn":[0.2824502461],"iteration":902,"passed_time":2.844673634,"remaining_time":0.3055740227},
{"learn":[0.2822475407],"iteration":903,"passed_time":2.845880937,"remaining_time":0.3022174447},
{"learn":[0.2819588734],"iteration":904,"passed_time":2.84693822,"remaining_time":0.2988498684},
{"learn":[0.2818193522],"iteration":905,"passed_time":2.847805061,"remaining_time":0.2954676332},
{"learn":[0.2815851596],"iteration":906,"passed_time":2.848986401,"remaining_time":0.2921231922},
{"learn":[0.2813229044],"iteration":907,"passed_time":2.850119031,"remaining_time":0.2887785802},
{"learn":[0.2810567412],"iteration":908,"passed_time":2.852958933,"remaining_time":0.2856097502},
{"learn":[0.2809216883],"iteration":909,"passed_time":2.854263287,"remaining_time":0.2822897756},
{"learn":[0.2806829009],"iteration":910,"passed_time":2.855994647,"remaining_time":0.2790159425},
{"learn":[0.2805944754],"iteration":911,"passed_time":2.857274695,"remaining_time":0.2757019442},
{"learn":[0.2803357085],"iteration":912,"passed_time":2.858448892,"remaining_time":0.272382315},
{"learn":[0.2801770674],"iteration":913,"passed_time":2.859721537,"remaining_time":0.2690766435},
{"learn":[0.280131597],"iteration":914,"passed_time":2.860745743,"remaining_time":0.2657523368},
{"learn":[0.2800625457],"iteration":915,"passed_time":2.862028293,"remaining_time":0.262456743},
{"learn":[0.279936809],"iteration":916,"passed_time":2.863499424,"remaining_time":0.2591826088},
{"learn":[0.2798786243],"iteration":917,"passed_time":2.864443748,"remaining_time":0.2558653457},
{"learn":[0.2796948274],"iteration":918,"passed_time":2.865437686,"remaining_time":0.2525576198},
{"learn":[0.2794177863],"iteration":919,"passed_time":2.867114981,"remaining_time":0.2493143462},
{"learn":[0.2792165776],"iteration":920,"passed_time":2.868212355,"remaining_time":0.2460247297},
{"learn":[0.2790864593],"iteration":921,"passed_time":2.869260262,"remaining_time":0.2427356838},
{"learn":[0.2789673063],"iteration":922,"passed_time":2.871029906,"remaining_time":0.239511704},
{"learn":[0.2789026737],"iteration":923,"passed_time":2.872009381,"remaining_time":0.2362258798},
{"learn":[0.2787537356],"iteration":924,"passed_time":2.873330165,"remaining_time":0.2329727161},
{"learn":[0.2784966581],"iteration":925,"passed_time":2.874985291,"remaining_time":0.2297504444},
{"learn":[0.2780931082],"iteration":926,"passed_time":2.876108856,"remaining_time":0.2264896942},
{"learn":[0.2779273616],"iteration":927,"passed_time":2.877102981,"remaining_time":0.2232235072},
{"learn":[0.2778087623],"iteration":928,"passed_time":2.878414426,"remaining_time":0.2199864631},
{"learn":[0.2777809713],"iteration":929,"passed_time":2.879662157,"remaining_time":0.2167487645},
{"learn":[0.277596685],"iteration":930,"passed_time":2.881293088,"remaining_time":0.2135437412},
{"learn":[0.2775294999],"iteration":931,"passed_time":2.882262948,"remaining_time":0.2102938631},
{"learn":[0.2772970657],"iteration":932,"passed_time":2.883398774,"remaining_time":0.2070607908},
{"learn":[0.2770135078],"iteration":933,"passed_time":2.885140506,"remaining_time":0.2038750251},
{"learn":[0.2767854704],"iteration":934,"passed_time":2.886525942,"remaining_time":0.2006675788},
{"learn":[0.2765174038],"iteration":935,"passed_time":2.887856379,"remaining_time":0.1974602653},
{"learn":[0.2762002753],"iteration":936,"passed_time":2.889091411,"remaining_time":0.1942505431},
{"learn":[0.2760664463],"iteration":937,"passed_time":2.890305994,"remaining_time":0.1910436798},
{"learn":[0.2760662205],"iteration":938,"passed_time":2.891633813,"remaining_time":0.187848416},
{"learn":[0.2758670469],"iteration":939,"passed_time":2.892922149,"remaining_time":0.1846546053},
{"learn":[0.2758101834],"iteration":940,"passed_time":2.894755945,"remaining_time":0.1814990444},
{"learn":[0.2756009307],"iteration":941,"passed_time":2.895970624,"remaining_time":0.1783081701},
{"learn":[0.2753586842],"iteration":942,"passed_time":2.897397856,"remaining_time":0.1751343349},
{"learn":[0.2753357669],"iteration":943,"passed_time":2.89879597,"remaining_time":0.1719624728},
{"learn":[0.2750176218],"iteration":944,"passed_time":2.900693962,"remaining_time":0.1688234581},
{"learn":[0.2748734269],"iteration":945,"passed_time":2.902250665,"remaining_time":0.1656675855},
{"learn":[0.2745468431],"iteration":946,"passed_time":2.903377052,"remaining_time":0.1624910071},
{"learn":[0.2743644847],"iteration":947,"passed_time":2.905819415,"remaining_time":0.1593909384},
{"learn":[0.2740956227],"iteration":948,"passed_time":2.907635151,"remaining_time":0.1562585803},
{"learn":[0.2738994797],"iteration":949,"passed_time":2.909025911,"remaining_time":0.1531066269},
{"learn":[0.2738398784],"iteration":950,"passed_time":2.910495984,"remaining_time":0.1499624639},
{"learn":[0.2735748702],"iteration":951,"passed_time":2.911870923,"remaining_time":0.1468170213},
{"learn":[0.273492174],"iteration":952,"passed_time":2.912972374,"remaining_time":0.1436618065},
{"learn":[0.2734363298],"iteration":953,"passed_time":2.914467037,"remaining_time":0.1405298571},
{"learn":[0.2733107282],"iteration":954,"passed_time":2.915546985,"remaining_time":0.1373817951},
{"learn":[0.2731811802],"iteration":955,"passed_time":2.916938469,"remaining_time":0.1342523982},
{"learn":[0.2729309453],"iteration":956,"passed_time":2.918327888,"remaining_time":0.1311265404},
{"learn":[0.2727384693],"iteration":957,"passed_time":2.92006285,"remaining_time":0.1280194569},
{"learn":[0.2724928399],"iteration":958,"passed_time":2.921400745,"remaining_time":0.1248982592},
{"learn":[0.2723165684],"iteration":959,"passed_time":2.922416636,"remaining_time":0.1217673598},
{"learn":[0.2721129119],"iteration":960,"passed_time":2.923841317,"remaining_time":0.118657452},
{"learn":[0.271942999],"iteration":961,"passed_time":2.925242968,"remaining_time":0.115550138},
{"learn":[0.2716944072],"iteration":962,"passed_time":2.926639658,"remaining_time":0.1124461759},
{"learn":[0.2715317176],"iteration":963,"passed_time":2.927874991,"remaining_time":0.1093397299},
{"learn":[0.2714080115],"iteration":964,"passed_time":2.930135344,"remaining_time":0.1062743389},
{"learn":[0.271286524],"iteration":965,"passed_time":2.931229152,"remaining_time":0.1031695561},
{"learn":[0.2711930904],"iteration":966,"passed_time":2.932714844,"remaining_time":0.1000823059},
{"learn":[0.2708816164],"iteration":967,"passed_time":2.934195979,"remaining_time":0.0969982142},
{"learn":[0.2706668907],"iteration":968,"passed_time":2.93569845,"remaining_time":0.09391811347},
{"learn":[0.2703694012],"iteration":969,"passed_time":2.936748973,"remaining_time":0.09082728782},
{"learn":[0.2702414758],"iteration":970,"passed_time":2.937787956,"remaining_time":0.08774032},
{"learn":[0.2700492541],"iteration":971,"passed_time":2.93884098,"remaining_time":0.08465797063},
{"learn":[0.2698283646],"iteration":972,"passed_time":2.939828638,"remaining_time":0.08157797865},
{"learn":[0.2697936628],"iteration":973,"passed_time":2.941494375,"remaining_time":0.07852038372},
{"learn":[0.2696306884],"iteration":974,"passed_time":2.942576647,"remaining_time":0.07545068325},
{"learn":[0.2693186078],"iteration":975,"passed_time":2.943865626,"remaining_time":0.07239013834},
{"learn":[0.2692237702],"iteration":976,"passed_time":2.945183379,"remaining_time":0.06933389737},
{"learn":[0.269065551],"iteration":977,"passed_time":2.94784784,"remaining_time":0.0663115056},
{"learn":[0.2688913855],"iteration":978,"passed_time":2.949004327,"remaining_time":0.06325749833},
{"learn":[0.2686087529],"iteration":979,"passed_time":2.950801543,"remaining_time":0.06022043964},
{"learn":[0.2682358947],"iteration":980,"passed_time":2.951897179,"remaining_time":0.05717232049},
{"learn":[0.268050817],"iteration":981,"passed_time":2.952957715,"remaining_time":0.05412753449},
{"learn":[0.2678688433],"iteration":982,"passed_time":2.954539734,"remaining_time":0.05109580414},
{"learn":[0.2677838677],"iteration":983,"passed_time":2.955963712,"remaining_time":0.04806445061},
{"learn":[0.2675254199],"iteration":984,"passed_time":2.957540543,"remaining_time":0.04503868848},
{"learn":[0.2673398263],"iteration":985,"passed_time":2.958854645,"remaining_time":0.04201213492},
{"learn":[0.2672636926],"iteration":986,"passed_time":2.959904578,"remaining_time":0.03898557195},
{"learn":[0.2669182506],"iteration":987,"passed_time":2.960953739,"remaining_time":0.03596300088},
{"learn":[0.2667249997],"iteration":988,"passed_time":2.962897149,"remaining_time":0.03295436667},
{"learn":[0.2664578471],"iteration":989,"passed_time":2.964156274,"remaining_time":0.02994097246},
{"learn":[0.2662322435],"iteration":990,"passed_time":2.96543104,"remaining_time":0.0269312607},
{"learn":[0.2660842207],"iteration":991,"passed_time":2.967319711,"remaining_time":0.02392999767},
{"learn":[0.2659075724],"iteration":992,"passed_time":2.969552454,"remaining_time":0.02093340099},
{"learn":[0.2657730215],"iteration":993,"passed_time":2.970960278,"remaining_time":0.01793336184},
{"learn":[0.2656161322],"iteration":994,"passed_time":2.972281229,"remaining_time":0.01493608658},
{"learn":[0.2653977381],"iteration":995,"passed_time":2.973426331,"remaining_time":0.01194147121},
{"learn":[0.2651766433],"iteration":996,"passed_time":2.974540308,"remaining_time":0.008950472342},
{"learn":[0.2650694754],"iteration":997,"passed_time":2.975657922,"remaining_time":0.005963242329},
{"learn":[0.2650574413],"iteration":998,"passed_time":2.976698212,"remaining_time":0.00297967789},
{"learn":[0.2647906833],"iteration":999,"passed_time":2.978338396,"remaining_time":0}
]}